基礎編,長文４,愛煙家,あいえんか,名詞,
完成編,7,～得る,～うる／える,動詞（機能語）,
完成編,０３聴解問題,～気味,～ぎみ,接辞（接尾語）,
完成編,０６関連語,～取る,～とる,動詞（複合成分）,
完成編,9,ＩＯＣ,あいおーしー,名詞（固有）,
完成編,長文１,相変わらず,あいかわらず,副詞,
基礎編,20,愛し合う,あいしあう,動詞（複合動詞）,
基礎編,20,合図,あいず,動詞／名詞,
基礎編,17,アイススケート,あいすすけーと,名詞（カタ）,
基礎編,12,アイスホッケー,あいすほっけー,名詞（カタ）,
完成編,１０関連,相席,あいせき,動詞／名詞,
基礎編,6,間,あいだ,名詞,時間の意味
完成編,5,愛着,あいちゃく,名詞,
基礎編,10,あいつ,あいつ,名詞,
基礎編,3,アイディア（アイデア）,あいでぃあ,名詞（カタ）,
完成編,3,ＩＴ（情報技術）,アイティー（じょうほうぎじゅつ）,名詞,
完成編,会話１,あいにく,あいにく,副詞,
完成編,9,あいまい,あいまい,な形容詞,
基礎編,20,～合う,あう,動詞（複合成分）,
完成編,０８聴解問題,アウト,あうと,名詞（カタ）,
完成編,11,扇ぐ,あおぐ,動詞,
基礎編,16,青空,あおぞら,名詞,
完成編,１１※,赤字,あかじ,名詞,
基礎編,17,赤っぽい,あかっぽい,い形容詞（複合）,
完成編,０６関連語,挙がる,あがる,動詞,
基礎編,17,飽きっぽい,あきっぽい,い形容詞（複合）,
完成編,4,空き箱,あきばこ,名詞,
完成編,4,明らか,あきらか,な形容詞,
基礎編,17,飽きる,あきる,動詞,
完成編,4,空く,あく,動詞,
基礎編,20,握手,あくしゅ,動詞／名詞,
完成編,０４関連語,悪臭,あくしゅう,名詞,
基礎編,6,アクセル,あくせる,名詞（カタ）,
完成編,０８関連語,アクセント,あくせんと,名詞（カタ）,
完成編,8,悪魔,あくま,名詞,
完成編,会話４,あくまで（も）,あくまで（も）,副詞,
完成編,10,揚げ足を取る,あげあしをとる,慣用句,
基礎編,16,明ける,あける,動詞,梅雨が明ける
完成編,０１関連語,挙げる,あげる,動詞,
完成編,０３関連語,～上げる,あげる,動詞（複合成分）,
基礎編,2,あご,あご,名詞,
基礎編,13,あこれる,あこがれる,動詞,
完成編,会話４,朝一番,あさいちばん,名詞,
基礎編,20,脚,あし,名詞,脚を組む
基礎編,2,足首,あしくび,名詞,
完成編,8,味気ない,あじけない,い形容詞,
基礎編,17,あじさい,あじさい,名詞,
基礎編,長文１,味付け,あじつけ,動詞／名詞,
基礎編,18,味わう,あじわう,動詞,
完成編,5,足を伸ばす,あしをのばす,慣用句,
完成編,9,足を運ぶ,あしをはこぶ,慣用句,
基礎編,6,明日,あす,名詞／副詞,
基礎編,15,預ける,あずける,動詞,
基礎編,2,あそび,あそび,名詞,
基礎編,1,与える,あたえる,動詞,
完成編,2,頭に来る,あたまにくる,慣用句,
完成編,10,頭を下げる,あたまをさげる,慣用句,
完成編,長文２,頭を悩ませる,あたまをなやませる,慣用句,
完成編,10,頭をひねる,あたまをひねる,慣用句,
完成編,6,～当たり,あたり,接辞（機能語）,一人当たり
完成編,2,（～に）あたり,あたり,動詞（複合辞）,開会にあたり～
基礎編,14,あたりまえ,あたりまえ,名詞,
基礎編,12,当たる,あたる,動詞,→該当する
基礎編,8,当たる,あたる,動詞,予想が当たる、物が当たる
完成編,1,悪化,あっか,動詞／名詞,
基礎編,長文３,扱い,あつかい,名詞,
基礎編,長文３,扱う,あつかう,動詞,
完成編,０７関連語,厚かましい,あつかましい,い形容詞,
基礎編,12,あっさり,あっさり,副詞,
基礎編,19,あっという間に,あっというまに,副詞（複合）,
完成編,8,アップ,あっぷ,動詞／名詞（カタ）,
基礎編,12,厚み,あつみ,名詞,
完成編,7,あてはめる,あてはめる,動詞,
基礎編,8,当てる,あてる,動詞,→予想、光りを当てる、手を当てる
完成編,12,あてる,あてる,動詞,
完成編,8,あと,あと,名詞,跡
完成編,5,後片づけ,あとかたづけ,動詞／名詞,
基礎編,19,アドバイス,あどばいす,動詞／名詞（カタ）,
基礎編,20,穴,あな,名詞,
基礎編,4,アナウンス,あなうんす,動詞／名詞（カタ）,
完成編,8,アナログ,あなろぐ,名詞（カタ）,
完成編,8,アナログ時計,あなろぐどけい,名詞（カタ）,
基礎編,17,油,あぶら,名詞,
基礎編,17,油っぽい,あぶらっぽい,い形容詞（複合）,
完成編,5,あふれる,あふれる,動詞,
基礎編,長文４,甘い,あまい,い形容詞,～に甘い
基礎編,15,雨具,あまぐ,名詞,
基礎編,4,アマチュア,あまちゅあ,名詞（カタ）,
基礎編,12,甘み,あまみ,名詞,
完成編,5,甘やかす,あまやかす,動詞,
完成編,3,～余り,あまり,接辞（接尾語）,
完成編,6,あまり（に）,あまり（に）,副詞,
基礎編,13,アメリカンフットボール,あめりかんふっとぼーる,名詞（カタ）,
基礎編,長文１,怪しい,あやしい,い形容詞,
完成編,会話４,誤り,あやまり,名詞,
完成編,会話４,誤る,あやまる,動詞,
完成編,1,歩む,あゆむ,動詞,
完成編,7,あらかじめ,あらかじめ,副詞,
完成編,1,争う,あらそう,動詞,
完成編,10,新た,あらた,な形容詞,
完成編,2,改まる,あらたまる,動詞,
基礎編,10,改めて,あらためて,副詞,
完成編,3,あらゆる,あらゆる,連体詞,
基礎編,2,表す・表わす,あらわす,動詞,
基礎編,10,現れる・現われる,あらわれる,動詞,
基礎編,2,アリ,あり,名詞,蟻
基礎編,会話３,有り難い,ありがたい,い形容詞,
完成編,3,あるいは,あるいは,接続詞,
完成編,０６聴解問題,歩き回る,あるきまわる,動詞（複合動詞）,
基礎編,5,ある程度,あるていど,副詞（複合）,
完成編,０８関連語,アルファベット順,あるふぁべっとじゅん,名詞（複合）,
完成編,8,あれこれ,あれこれ,名詞,
完成編,1,アレルギー,あれるぎー,名詞（カタ）,
基礎編,2,合わせる,あわせる,動詞,指を合わせる
完成編,7,慌てる,あわてる,動詞,
完成編,5,案,あん,名詞,
完成編,長文３,安易,あんい,な形容詞,
基礎編,18,案外,あんがい,副詞,
基礎編,5,アンケート,あんけーと,名詞（カタ）,
完成編,2,安定,あんてい,動詞／名詞,
完成編,7,安定性,あんていせい,名詞,
完成編,会話４,案内状,あんないじょう,名詞,
基礎編,18,案の定,あんのじょう,副詞,
基礎編,20,言い合う,いいあう,動詞（複合動詞）,
完成編,4,言い表す,いいあらわす,動詞（複合動詞）,
完成編,長文１,言い返す,いいかえす,動詞（複合動詞）,
完成編,6,言い換える,いいかえる,動詞（複合動詞）,
基礎編,19,いい加減に,いいかげんに,副詞（複合）,
完成編,11,言いなり,いいなり,名詞,
完成編,10,言い分,いいぶん,名詞,
基礎編,20,言い間違い,いいまちがい,名詞,
完成編,会話２,言い訳,いいわけ,動詞／名詞,
完成編,9,委員会,いいんかい,名詞,
基礎編,2,家中,いえじゅう,名詞,
基礎編,1,イエロー,いえろー,名詞（カタ）,
基礎編,4,意外,いがい,な形容詞,
基礎編,7,～以外,いがい,接辞（接尾語）,
基礎編,8,意外にも,いがいにも,副詞,
基礎編,会話４,いかが,いかが,副詞,
完成編,3,生かす,いかす,動詞,
基礎編,16,いかにも,いかにも,副詞,
完成編,11,怒り,いかり,名詞,
完成編,11,怒る,いかる,動詞,
完成編,5,生き生きする,いきいきする,動詞,
完成編,12,勢い,いきおい,名詞,
完成編,10,行き止まり,いきどまり,名詞,
完成編,０２聴解問題,生き物,いきもの,名詞,
基礎編,9,生きる,いきる,動詞,
基礎編,10,（～て）いく（１）,いく,動詞（機能語）,→動作方向
基礎編,13,（～て）いく（２）,いく,動詞（機能語）,→アスペクト
完成編,１０関連語,居心地,いここち,名詞,
基礎編,14,居酒屋,いざかや,名詞,
完成編,０１聴解問題,いざ（というとき）,いざというとき,副詞（複合）,
完成編,1,遺産,いさん,名詞,
完成編,6,意志,いし,名詞,
完成編,長文２,維持,いじ,動詞／名詞,
完成編,長文１,石頭,いしあたま,名詞,
基礎編,17,意識,いしき,動詞／名詞,
完成編,9,石の上にも三年,いしのうえにもさんねん,慣用句（ことわざ）,
完成編,1,いじめる,いじめる,動詞,
完成編,長文１,慰謝料,いしゃりょう,名詞,
基礎編,長文２,異常,いじょう,な形容詞,
完成編,長文１,意地悪,いじわる,な形容詞,
完成編,12,いずれ,いずれ,副詞,
完成編,０７聴解問題,異性,いせい,名詞,
基礎編,長文３,以前（は）,いぜん　,副詞,
完成編,9,依然として,いぜんとして,副詞（複合）,
基礎編,12,板,いた,名詞,
完成編,12,抱く,いだく,動詞,
基礎編,12,痛み,いたみ,名詞,
完成編,０５関連語,痛む,いたむ,動詞,
基礎編,18,いためる,いためる,動詞,炒める
完成編,０５関連語,痛める,いためる,動詞,
完成編,2,至る,いたる,動詞,
完成編,10,いちいち,いちいち,副詞,
基礎編,長文３,一員,いちいん,名詞,
完成編,5,一応,いちおう,副詞,
完成編,5,一度に,いちどに,副詞,
完成編,4,一人前,いちにんまえ,名詞,
基礎編,11,一部,いちぶ,名詞,
完成編,11,一律,いちりつ,副詞,
完成編,9,一流,いちりゅう,名詞,
完成編,7,一回戦,いっかいせん,名詞,
完成編,10,一気に,いっきに,副詞,
完成編,4,一見,いっけん,副詞,
完成編,12,一向に,いっこうに,副詞,
完成編,12,一戸建て,いっこだて,名詞,
完成編,4,一切,いっさい,副詞,
基礎編,11,一生,いっしょう,名詞,
完成編,2,一斉に,いっせいに,副詞,
完成編,０４聴解問題,一石二鳥,いっせきにちょう,慣用句（ことわざ）,
基礎編,12,一層,いっそう,副詞,
完成編,長文１,一体,いったい,副詞,
完成編,長文２,一体となる,いったいとなる,慣用句,
完成編,会話４,いったん,いったん,副詞,
完成編,０２関連,一致,いっち,動詞／名詞,
完成編,9,一定,いってい,名詞,
基礎編,3,いっぱい,いっぱい,名詞／副詞,
基礎編,14,一般,いっぱん,名詞,
基礎編,13,一般的,いっぱんてき,な形容詞,
基礎編,長文４,一服,いっぷく,動詞／名詞,
基礎編,14,一方,いっぽう,接続詞,
完成編,０４※,（～する）一方,いっぽう,名詞（機能語）,～する一方だ
基礎編,11,一方,いっぽう,名詞,どちらか一方
完成編,8,一方的,いっぽうてき,な形容詞,
完成編,1,いつまでも,いつまでも,副詞（複合）,
完成編,12,遺伝子,いでんし,名詞,
完成編,10,意図,いと,動詞／名詞,
基礎編,12,いとこ,いとこ,名詞,
完成編,9,営み,いとなみ,名詞,
完成編,9,営む,いとなむ,動詞,
完成編,2,命,いのち,名詞,
完成編,１０聴解問題,威張る,いばる,動詞,
完成編,10,いびき,いびき,名詞,
完成編,長文１,異文化,いぶんか,名詞,
完成編,長文１,異文化間コミュニケーション,いぶんかかん～,名詞（カタ）,
完成編,5,違法,いほう,な形容詞,
基礎編,1,居間,いま,名詞,
完成編,長文１,今頃,いまごろ,副詞,
完成編,０８聴解問題,今さら,いまさら,副詞,
基礎編,3,今では,いまでは,副詞,
基礎編,3,今でも,いまでも,副詞（複合）,
完成編,9,今時,いまどき,名詞／副詞,
完成編,2,いまひとつ,いまひとつ,名詞,
基礎編,1,今まで,いままで,副詞（複合）,
基礎編,1,イメージ,いめーじ,動詞／名詞（カタ）,
完成編,12,嫌々,いやいや,副詞,
完成編,1,嫌がらせ,いやがらせ,動詞／名詞,
完成編,会話１,癒し,いやし,名詞,
完成編,会話１,癒す,いやす,動詞,
完成編,12,いよいよ,いよいよ,副詞,
完成編,7,意欲,いよく,名詞,
完成編,2,以来,いらい,副詞,
基礎編,14,いらいら,いらいら,副詞（擬態）,
基礎編,5,医療,いりょう,名詞,
完成編,5,岩,いわ,名詞,
基礎編,12,いわば,いわば,副詞,
基礎編,12,いわゆる,いわゆる,副詞,
完成編,9,因果関係,いんがかんけい,名詞,
完成編,1,印刷,いんさつ,動詞／名詞,
基礎編,9,飲酒運転,いんしゅうんてん,名詞　,
完成編,1,印象,いんしょう,名詞,
完成編,6,引退,いんたい,動詞／名詞,
基礎編,16,インタビュー,いんたびゅー,名詞（カタ）,
基礎編,1,ウイスキー,ういすきー,名詞（カタ）,
基礎編,14,ウイルス,ういるす,名詞（カタ）,
基礎編,20,ウインク,ういんく,動詞／名詞（カタ）,
基礎編,6,ウインドーショッピング,ういんどーしょっぴんぐ,動詞／名詞（カタ）,
基礎編,15,ウール,うーる,名詞（カタ）,
完成編,8,うかがう,うかがう,動詞,推察する
基礎編,13,浮かぶ,うかぶ,動詞,
基礎編,17,浮き上がる,うきあがる,動詞（複合動詞）,
完成編,1,浮く,うく,動詞,
完成編,4,承る,うけたまわる,動詞,
完成編,長文１,受け付ける,うけつける,動詞（複合動詞）,
完成編,1,受け取る,うけとる,動詞（複合動詞）,
基礎編,2,牛,うし,名詞,
完成編,3,失う,うしなう,動詞,
基礎編,17,後ろ姿,うしろすがた,名詞,
完成編,０２関連語,薄型,うすがた,名詞,
基礎編,17,薄暗い,うすぐらい,い形容詞,
完成編,9,うそをつく,うそをつく,慣用句,
完成編,11,疑う,うたがう,動詞,
完成編,12,疑わしい,うたがわしい,い形容詞,
基礎編,5,うち,うち,名詞,２つの－で
完成編,０３関連語,打ち上げる,うちあげる,動詞（複合動詞）,
完成編,会話４,打ち合わせる,うちあわせる,動詞（複合動詞）,
完成編,6,宇宙,うちゅう,名詞,
完成編,11,うちわ,うちわ,名詞,
完成編,１１聴解問題,内訳,うちわけ,名詞,
基礎編,20,うっかり,うっかり,副詞,
基礎編,7,美しい,うつくしい,い形容詞,
完成編,3,映す,うつす,動詞,
完成編,3,訴える,うったえる,動詞,
完成編,長文３,うっぷん,うっぷん,名詞,
完成編,０４聴解問題,映る,うつる,動詞,
完成編,1,写る,うつる,動詞,
完成編,１０関連語,移る,うつる,動詞,
基礎編,2,腕,うで,名詞,
基礎編,6,うとうと,うとうと,副詞（擬態）,
基礎編,20,うなずく,うなずく,動詞,
完成編,０６関連語,奪い取る,うばいとる,動詞（複合動詞）,
完成編,０６関連語,奪う,うばう,動詞,
基礎編,19,うまく,うまく,副詞,→上手に
基礎編,12,うまみ,うまみ,名詞,
完成編,4,有無,うむ,名詞,
完成編,4,埋め立てる,うめたてる,動詞（複合動詞）,
基礎編,5,埋める,うめる,動詞,
基礎編,17,裏がある,うらがある,慣用句,
基礎編,18,裏切る,うらぎる,動詞,
基礎編,8,占い,うらない,名詞,
基礎編,8,占い師,うらないし,名詞,
基礎編,15,占う　,うらなう,動詞,
完成編,6,うらやましい,うらやましい,い形容詞,
完成編,１２関連語,うらやむ,うらやむ,動詞,
基礎編,18,売り上げ,うりあげ,名詞,
完成編,０３関連語,売り上げる,うりあげる,動詞（複合動詞）,
基礎編,16,雨量,うりょう,名詞,
完成編,8,浮気,うわき,動詞／名詞,
完成編,１１関連語,上回る,うわまわる,動詞,
基礎編,8,運,うん,名詞,
完成編,5,運営,うんえい,動詞／名詞,
基礎編,3,運賃,うんちん,名詞,
基礎編,6,運転手,うんてんしゅ,名詞,
完成編,０４聴解問題,運搬,うんぱん,動詞／名詞,
完成編,4,運命,うんめい,名詞,
完成編,０８関連語,英英（辞典）,えいえい（じてん）,名詞,
基礎編,1,影響,えいきょう,動詞／名詞,
完成編,4,営業マン,えいぎょうまん,名詞,
基礎編,9,衛星放送,えいせいほうそう,名詞,
完成編,０６聴解問題,映像,えいぞう,名詞,
基礎編,9,栄養,えいよう,名詞,
完成編,9,栄養素,えいようそ,名詞,
完成編,０４関連語「,営利,えいり,名詞,
完成編,０８関連語,英和（辞典）,えいわ（じてん）,名詞,
完成編,０４関連語,ＡＴＭ,エーティーエム,名詞,
基礎編,14,笑顔,えがお,名詞,
完成編,1,描く,えがく,動詞,
基礎編,6,SF映画,えすえふえいが,名詞,
基礎編,15,エスニック（料理）,えすにっくりょうり,名詞（カタ）,
完成編,12,枝,えだ,名詞,
完成編,長文３,ＮＨＫ,えぬえいちけー,名詞（固有）,
基礎編,14,NK（細胞）,えぬけいさいぼう,名詞（固有）,
完成編,０４関連語,ＮＧＯ,エヌジーオー,名詞,
完成編,1,ＮＰＯ,えぬぴーおー,名詞,
完成編,10,偉い,えらい,い形容詞,
基礎編,12,エリート,えりーと,名詞（カタ）,
基礎編,9,得る,える,動詞,
基礎編,5,円,えん,名詞,形
完成編,会話５,縁,えん,名詞,
完成編,5,演歌,えんか,名詞,
完成編,12,延期,えんき,動詞／名詞,
基礎編,12,演技,えんぎ,動詞／名詞,
完成編,１１聴解問題,円グラフ,えんぐらふ,名詞（カタ）,
基礎編,15,園芸,えんげい,名詞,
基礎編,19,園児,えんじ,名詞,
完成編,12,猿人,えんじん,名詞,
基礎編,6,エンスト,えんすと,動詞／名詞（カタ）,
基礎編,17,演奏,えんそう,動詞／名詞,
基礎編,8,～円玉,えんだま　,接辞（接尾語）,
完成編,０６聴解問題,延長,えんちょう,動詞／名詞,
完成編,０９関連語,延長戦,えんちょうせん,名詞,
完成編,長文２,塩分,えんぶん,名詞,
完成編,０１関連語,追いかける,おいかける,動詞（複合動詞）,
完成編,０１関連語,追いつく,おいつく,動詞（複合動詞）,
完成編,０９関連語,追い抜く,おいぬく,動詞（複合動詞）,
完成編,3,追いやる,おいやる,動詞（複合動詞）,
完成編,7,追う,おう,動詞,
完成編,8,負う,おう,動詞,
基礎編,8,応援,おうえん,動詞／名詞,
基礎編,会話７,応じる,おうじる,動詞（～じる／ずる）,
完成編,9,往復,おうふく,動詞／名詞,
完成編,3,応募,おうぼ,動詞／名詞,
基礎編,16,大雨,おおあめ,名詞,
完成編,長文３,大いに,おおいに,副詞,
完成編,12,覆う,おおう,動詞,
完成編,長文３,大がかり,おおがかり,な形容詞,
基礎編,18,大方,おおかた,名詞,「－の予想」
完成編,０２関連語,大型,おおがた,名詞,
完成編,０１聴解問題,大声,おおごえ,名詞,
基礎編,5,大阪城,おおさかじょう,名詞（固有）,
基礎編,18,オーバー,おーばー,な形容詞,誇張
基礎編,20,オーバー,おーばー,動詞／名詞（カタ）,
基礎編,15,大ばか,おおばか,名詞／な形容詞,
完成編,12,大幅,おおはば,な形容詞,
完成編,１１聴解問題,大瓶,おおびん,名詞,
基礎編,12,大昔,おおむかし,名詞,
基礎編,会話８,大家（さん）,おおや（さん）,名詞,
基礎編,9,大雪　,おおゆき,名詞,
完成編,8,犯す,おかす,動詞,
基礎編,3,お金持ち,おかねもち,名詞,
完成編,11,お上,おかみ,名詞,
基礎編,18,おかわり,おかわり,動詞／名詞,
完成編,6,置き換える,おきかえる,動詞（複合動詞）,
完成編,会話４,補う,おぎなう,動詞,
完成編,2,お越し,おこし,名詞,
基礎編,17,怒りっぽい,おこりっぽい,い形容詞（複合）,
基礎編,6,起こる,おこる,動詞,事故が起こる
基礎編,会話１,怒る,おこる,動詞,
基礎編,17,おごる,おごる,動詞,
完成編,5,抑える,おさえる,動詞,
完成編,5,幼い,おさない,い形容詞,
完成編,長文１,幼なじみ,おさななじみ,名詞,
完成編,1,治まる,おさまる,動詞,
完成編,11,納める,おさめる,動詞,
完成編,1,治める,おさめる,動詞,
完成編,会話５,惜しい,おしい,い形容詞,
基礎編,2,おじぎ,おじぎ,動詞／名詞,
完成編,8,押し倒す,おしたおす,動詞（複合動詞）,
完成編,１２関連語,惜しむ,おしむ,動詞,
完成編,０１聴解問題,おしゃべり,おしゃべる,動詞／名詞,
基礎編,1,お邪魔します,おじゃまします,慣用句,
完成編,１０関連語,お洒落,おしゃれ,な形容詞,
完成編,長文２,押し寄せる,おしよせる,動詞（複合動詞）,
完成編,会話５,お世辞,おせじ,名詞,
完成編,4,汚染,おせん,動詞／名詞,
基礎編,18,お総菜,おそうざい,名詞,
完成編,8,おそらく,おそらく,副詞,
完成編,9,おそれ,おそれ,名詞,（～する）おそれがある
基礎編,会話２,恐れ入る,おそれいる,動詞　,
完成編,１２関連語,恐れる,おそれる,動詞,
基礎編,15,教わる,おそわる,動詞,
基礎編,20,お互い,おたがい,副詞,
基礎編,会話５,お互い様　,おたがいさま,名詞,
完成編,8,落ち込む,おちこむ,動詞（複合動詞）,
基礎編,17,落ち着く,おちつく,動詞,
完成編,12,お使い,おつかい,名詞,
完成編,会話６,追って,おって,副詞,→後で
基礎編,2,おでこ,おでこ,名詞,
完成編,2,脅かす,おどかす,動詞,
基礎編,3,お年寄り,おとしより,名詞,
基礎編,14,訪れる,おとずれる,動詞,
基礎編,2,大人,おとな,名詞,
基礎編,10,おとなしい,おとなしい,い形容詞,
基礎編,17,大人っぽい,おとなっぽい,い形容詞（複合）,
完成編,1,衰える,おとろえる,動詞,
基礎編,4,驚く,おどろく,動詞,
基礎編,2,鬼,おに,名詞,
基礎編,18,お似合い,おにあい,名詞,
基礎編,16,おにぎり,おにぎり,名詞,
基礎編,2,鬼ごっこ,おにごっこ,名詞,
完成編,2,脅かす,おびやかす,動詞,
基礎編,12,帯びる,おびる,動詞,
基礎編,長文４,オフィス,おふぃす,名詞（カタ）,
完成編,8,覚える,おぼえる,動詞,親しみを覚える
完成編,長文１,おぼれる,おぼれる,動詞,
基礎編,9,お盆,おぼん,名詞,
完成編,長文１,思い,おもい,名詞,
完成編,10,思い浮かぶ,おもいうかぶ,動詞（複合動詞）,
完成編,会話３,思い切って,おもいきって,副詞,
基礎編,14,思い切り,おもいきり,副詞,
完成編,長文１,思い込む,おもいこむ,動詞（複合動詞）,
基礎編,3,思いつく,おもいつく,動詞,
完成編,9,主に,おもに／しゅに,副詞,
基礎編,12,重み,おもみ,名詞,
基礎編,10,思わず,おもわず,副詞,
基礎編,長文４,親子,おやこ,名詞,
基礎編,長文４,おやつ,おやつ,名詞,
基礎編,2,親指,おやゆび,名詞,
完成編,6,およそ,およそ,副詞,
完成編,3,および,および,接続詞,
完成編,０４関連語,及ぶ,およぶ,動詞,
完成編,０４関連語,及ぼす,およぼす,動詞,
完成編,12,オランウータン,おらんうーたん,名詞（カタ）,
完成編,12,おり,おり,名詞,檻
基礎編,3,オリンピック,おりんぴっく,名詞（カタ）,
基礎編,13,お礼,おれい,名詞,
完成編,１１関連語,折れ線グラフ,おれせんぐらふ,名詞（カタ）,
基礎編,1,オレンジ,おれんじ,名詞,色名
基礎編,6,～終わる,おわる,動詞（機能語）,→完了
基礎編,長文２,温室,おんしつ,名詞,
完成編,11,御社,おんしゃ,名詞,
完成編,2,音声,おんせい,名詞,
完成編,4,温暖,おんだん,な形容詞,
基礎編,長文２,温暖化,おんだんか,名詞,
基礎編,長文２,温度,おんど,名詞,
完成編,3,蚊,か,名詞,
完成編,5,カーナビゲーション,かーなびげーしょん,名詞（カタ）,
完成編,０４関連語,害,がい,名詞,
完成編,5,買い上げる,かいあげる,動詞（複合動詞）,
完成編,4,会員制,かいいんせい,名詞,
完成編,０４聴解問題,買い換える,かいかえる,動詞（複合動詞）,
完成編,3,改革,かいかく,名詞,
基礎編,会話２,解決,かいけつ,動詞／名詞,
完成編,長文２,介護,かいご,動詞／名詞,
完成編,2,開催,かいさい,動詞／名詞,
完成編,１２聴解問題,開示,かいじ,動詞／名詞,
完成編,9,回収,かいしゅう,動詞／名詞,
基礎編,長文３,外出,がいしゅつ,動詞／名詞,
完成編,3,外食,がいしょく,動詞／名詞,
基礎編,12,海水,かいすい,名詞,
基礎編,19,～回生,かいせい,接辞（接尾語）,
完成編,1,改正,かいせい,動詞／名詞,
完成編,1,解説,かいせつ,動詞／名詞,
完成編,長文２,改善,かいぜん,動詞／名詞,
基礎編,2,快速（電車）,かいそく,名詞,
基礎編,20,快適,かいてき,な形容詞,
基礎編,長文３,飼い主,かいぬし,名詞,
完成編,2,開発,かいはつ,動詞／名詞,
基礎編,会話１,会費,かいひ,名詞,
完成編,3,回復,かいふく,動詞／名詞,
完成編,１２聴解問題,開放,かいほう,動詞／名詞,
完成編,０１聴解問題,開放的,かいほうてき,な形容詞,
完成編,11,解明,かいめい,動詞／名詞,
完成編,1,外来語,がいらいご,名詞,
完成編,2,改良,かいりょう,動詞／名詞,
基礎編,1,カウンター,かうんたー,名詞（カタ）,
基礎編,11,かえって,かえって,副詞,
基礎編,6,代える,かえる,動詞,
完成編,8,顔見知り,かおみしり,名詞,
基礎編,12,香り,かおり,名詞,
基礎編,7,画家,がか,名詞,
完成編,6,抱える,かかえる,動詞,
完成編,11,価格,かかく,名詞,
基礎編,19,化学,かがく,名詞,
基礎編,12,化学調味料,かがくちょうみりょう,名詞,
基礎編,19,科学的,かがくてき,な形容詞,
完成編,6,欠かさず,かかさず,副詞（複合）,
基礎編,2,かかと,かかと,名詞,
完成編,3,鏡,かがみ,名詞,
完成編,4,輝く,かがやく,動詞,
完成編,3,かかわる,かかわる,動詞,
完成編,7,下記,かき,名詞,
完成編,０３関連語,書き上げる,かきあげる,動詞（複合動詞）,
基礎編,14,限る,かぎる,動詞,
完成編,11,額,がく,名詞,
基礎編,12,格言,かくげん,名詞,
完成編,3,格差,かくさ,名詞,
基礎編,20,学習,がくしゅう,動詞／名詞,
基礎編,14,隠す,かくす,動詞,
完成編,3,学生証,がくせいしょう,名詞,
完成編,6,拡大,かくだい,動詞／名詞,
基礎編,2,各地,かくち,名詞,
完成編,2,確定,かくてい,動詞／名詞,
完成編,11,確定申告,かくていしんこく,動詞／名詞,
基礎編,12,格闘技,かくとうぎ,名詞,
完成編,０９関連語,獲得,かくとく,動詞／名詞,
基礎編,3,学費,がくひ,名詞,
完成編,０４※,学部,がくぶ,名詞,
基礎編,17,額縁,がくぶち,名詞,
完成編,12,核兵器,かくへいき,名詞,
完成編,2,確保,かくほ,動詞／名詞,
完成編,12,学名,がくめい,名詞,
完成編,長文２,確立,かくりつ,動詞／名詞,
基礎編,3,学歴,がくれき,名詞,
基礎編,14,隠れる,かくれる,動詞,
完成編,１０関連語,～掛け,がけ,接辞（接尾語）,３人掛けのテーブル
完成編,9,可決,かけつ,動詞／名詞,
完成編,12,かけ離れる,かけはなれる,動詞（複合動詞）,
基礎編,10,かける,かける,動詞,時間をかける
基礎編,7,掛ける,かける,動詞,掛け算
完成編,2,～かける,かける,動詞（機能語）,→開始（食べかける）
完成編,０１関連語,～かける,かける,動詞（複合成分）,話しかける
基礎編,長文２,過去,かこ,名詞,
完成編,7,加工,かこう,動詞／名詞,
完成編,8,下降,かこう,動詞／名詞,
完成編,9,過酷,かこく,な形容詞,
完成編,3,囲む,かこむ,動詞,
基礎編,16,火災,かさい,名詞,
基礎編,7,重なる,かさなる,動詞,
基礎編,7,重ねる,かさねる,動詞,
基礎編,16,火山,かざん,名詞,
完成編,1,家事,かじ,名詞,
完成編,2,貸し借り,かしかり,名詞,
基礎編,長文２,賢い,かしこい,い形容詞,
完成編,０３関連語,果樹園,かじゅえん,名詞,
完成編,会話４,（～）箇所,かしょ,名詞,
完成編,4,頭文字,かしらもじ,名詞,
基礎編,8,数,かず,名詞,
完成編,3,霞が関,かすみがせき,名詞（固有）,
完成編,11,課する,かする,動詞,
完成編,8,火星,かせい,名詞,
完成編,11,課税,かぜい,名詞,
完成編,12,化石,かせき,名詞,
完成編,会話３,稼ぐ,かせぐ,動詞,
完成編,会話３,カセットコンロ,かせっとこんろ,名詞（カタ）,
基礎編,2,肩,かた,名詞,
完成編,2,～型,がた,接辞（接尾語）,
完成編,10,～難い,かたい,接辞（機能語）,
完成編,9,片思い,かたおもい,動詞／名詞,
基礎編,5,片側,かたがわ,名詞,
完成編,6,かたまり,かたまり,名詞,
完成編,長文３,傾ける,かたむける,動詞,
完成編,０３関連語,偏る,かたよる,動詞,
基礎編,20,語り合う,かたりあう,動詞（複合動詞）,
完成編,2,語る,かたる,動詞,
完成編,10,肩を持つ,かたをもつ,慣用句,
基礎編,16,～がち,がち,接辞（機能語）,
完成編,1,価値（観）,かち（かん）,名詞,
基礎編,17,課長,かちょう,名詞,
完成編,4,活気,かっき,名詞,
基礎編,5,学期,がっき,名詞,
完成編,6,画期的,かっきてき,な形容詞,
完成編,０５聴解問題,合宿,がっくしゅ,動詞／名詞,
完成編,7,括弧,かっこ,名詞,
基礎編,会話２,かっこいい,かっこいい,い形容詞,
基礎編,2,学校中,がっこうじゅう,名詞,
完成編,5,勝手,かって,な形容詞,
完成編,長文２,かつて,かつて,副詞,
完成編,1,活動,かつどう,動詞／名詞,
基礎編,10,活発,かっぱつ,な形容詞　,
基礎編,18,カップル,かっぷる,名詞（カタ）,
基礎編,長文１,活躍,かつやく,動詞／名詞,
基礎編,長文４,家庭,かてい,名詞,
完成編,12,過程,かてい,名詞,
完成編,4,課程,かてい,名詞,
完成編,０４聴解問題,家電リサイクル法,かでんりさいくるほう,名詞（固有）（カタ）,
基礎編,14,門,かど,名詞,笑う門に福来たる
基礎編,12,悲しみ,かなしみ,名詞,
完成編,１２関連語,悲しむ,かなしむ,動詞,
基礎編,2,金づち,かなづち,名詞,
基礎編,20,必ずしも,かならずしも,副詞,
完成編,長文２,加入,かにゅう,動詞／名詞,
完成編,10,～かねない,かねない,接辞（機能語）,
基礎編,3,金持ち,かねもち,名詞,
完成編,4,可燃（ごみ）,かねん,名詞,
基礎編,5,可能,かのう,な形容詞,
完成編,7,可能性,かのうせい,名詞,
完成編,4,カバー,かばー,名詞（カタ）,
完成編,2,下半身／上半身,かはんしん／じょうはんしん,名詞,
完成編,9,過半数,かはんすう,名詞,
基礎編,16,かび,かび,名詞,
完成編,11,株,かぶ,名詞,
完成編,1,花粉症,かふんしょう,名詞,
完成編,１０関連語,壁際,かべぎわ,名詞,
基礎編,10,我慢,がまん,動詞／名詞,
完成編,12,神,かみ,名詞,
基礎編,14,髪型,かみがた,名詞,
基礎編,11,神様,かみさま,名詞,
基礎編,長文３,かみつく,かみつく,動詞,
基礎編,16,雷,かみなり,名詞,
完成編,8,雷が落ちる,かみなりがおちる,慣用句,
基礎編,15,仮眠,かみん,名詞,
基礎編,13,カメラマン,かめらまん,名詞（カタ）,
完成編,10,画面,がめん,名詞,
完成編,3,かゆい,かゆき,い形容詞,
基礎編,14,がらがら,がらがら,な形容詞,
基礎編,2,カラス,からす,名詞,烏
基礎編,2,体つき,からだつき,名詞,
基礎編,16,からっと,からっと,副詞,
基礎編,13,空手,からて,名詞,
基礎編,12,辛み,からみ,名詞,
完成編,長文３,からむ,からむ,動詞,
基礎編,長文２,がらりと,がらりと,副詞,
完成編,11,仮に,かりに,副詞,
基礎編,13,下流,かりゅう,名詞,
基礎編,20,軽く,かるく,副詞,
完成編,6,カルシウム,かるしうむ,名詞（カタ）,
完成編,3,カルチャーショック,かるちゃーしょっく,名詞（カタ）,
基礎編,6,ガレージ,がれーじ,名詞（カタ）,
基礎編,長文１,彼ら,かれら,名詞,
完成編,０５関連語,皮,かわ,名詞,
基礎編,1,乾かす,かわかす,動詞,
基礎編,13,川下り,かわくだり,名詞,
基礎編,20,交す,かわす,動詞,言葉を交わす
基礎編,会話２,代わり,かわりに,名詞,（～の）代わりに
基礎編,6,代わる,かわる,動詞,
基礎編,9,～感,かん,接辞（接尾語）,満足感
基礎編,14,ガン,がん,名詞,病名
完成編,０９聴解問題,棺桶,かんおけ,名詞,
基礎編,会話２,考えごと,かんがえごと,名詞,考えごとをする
基礎編,14,かんかんに,かんかんに,副詞（擬態）,
完成編,０８関連語,換気扇,かんきせん,名詞,
基礎編,13,観客,かんきゃく,名詞,
基礎編,19,環境,かんきょう,名詞,
完成編,会話３,歓迎,かんげい,動詞／名詞,
基礎編,7,関係者,かんけいしゃ,名詞,
基礎編,4,漢語,かんご,名詞,
完成編,長文１,頑固,がんこ,な形容詞,
基礎編,14,観光地,かんこうち,名詞,
基礎編,13,看護婦,かんごふ,名詞,
基礎編,長文４,観察,かんさつ,動詞／名詞,
完成編,１１聴解問題,換算,かんさん,動詞／名詞,
完成編,6,感じ取る,かんじとる,動詞（複合動詞）,
完成編,1,患者,かんじゃ,名詞,
完成編,会話４,願書,がんしょ,名詞,
基礎編,15,鑑賞,かんしょう,動詞／名詞,
完成編,長文３,感情論,かんじょうろん,名詞,
基礎編,1,感じる,かんじる,動詞（～じる／ずる）,
基礎編,19,感心,かんしん,動詞／名詞,
基礎編,19,関心,かんしん,名詞,
基礎編,19,関する,かんする,動詞,
基礎編,6,完成編,かんせい,動詞／名詞,
完成編,11,間接税,かんせつぜい,名詞,
完成編,9,観戦,かんせん,動詞／名詞,
完成編,9,感染,かんせん,動詞／名詞,
基礎編,20,完全に,かんぜんに,副詞,
基礎編,5,感想,かんそう,名詞,
基礎編,11,感想文,かんそうぶん,名詞,
完成編,6,感嘆,かんたん,動詞／名詞,
完成編,10,勘違い,かんちがい,動詞／名詞,
完成編,3,官庁街,かんちょうがい,名詞,
基礎編,16,関東（地方）,かんとう,名詞（固有）,
完成編,1,感動的,かんどうてき,な形容詞,
完成編,2,監督,かんとく,名詞,
基礎編,会話７,館内,かんない,名詞,
完成編,０８関連語,韓日（辞典）,かんにち（じてん）,名詞,
完成編,6,カンニング,かんにんぐ,動詞／名詞（カタ）,
完成編,１１聴解問題,完ぺき,かんぺき,な形容詞,
基礎編,会話２,願望,がんぼう,動詞／名詞,
完成編,1,慣用（句／表現）,かんよう（く／ひょうげん）,名詞,
完成編,長文２,寒冷,かんれい,な形容詞,
完成編,長文２,関連づける,かんれんづける,動詞（複合動詞）,
基礎編,2,漢和（辞典）,かんわ（じてん）,名詞,
完成編,9,気圧,きあつ,名詞,
基礎編,9,キーキー,きーきー,副詞（擬音）,
完成編,長文２,キーワード,きーわーど,名詞（カタ）,
基礎編,4,議員,ぎいん,名詞,
完成編,8,記憶,きおく,動詞／名詞,
基礎編,1,気温,きおん,名詞,
完成編,10,機械的,きかいてき,な形容詞,
完成編,3,規格,きかく,名詞,
完成編,１１聴解,企画書,きかくしょ,名詞,
完成編,会話１,気が進まない,きがすすまない,慣用句,
基礎編,7,気がする,きがする,慣用句,
完成編,1,気が散る,きがちる,慣用句,
基礎編,19,気軽に,きがるに,副詞,
基礎編,5,期間,きかん,名詞,
基礎編,長文２,機関,きかん　,名詞,
完成編,3,危機,きき,名詞,
完成編,3,危機感,ききかん,名詞,
完成編,０６関連語,聴き取る／聞き取る,ききとる,動詞（複合動詞）,
基礎編,14,企業,きぎょう,名詞,
基礎編,15,きく,きく,動詞,クーラーがきく
完成編,7,効く,きく,動詞,
完成編,2,器具,きぐ,名詞,
完成編,０９関連語,棄権,きけん,動詞／名詞,
基礎編,長文２,気候,きこう,名詞,
基礎編,6,帰国,きこく,動詞／名詞,
完成編,０１関連語,既婚,きこん,名詞,
基礎編,7,記事,きじ,名詞,　
基礎編,13,技師,ぎし,名詞,
完成編,11,貴社,きしゃ,名詞,
完成編,2,基礎編準,きじゅん,名詞,
基礎編,長文２,気象（庁）,きしょう（ちょう）,名詞,
完成編,長文２,起承転結,きしょうてんけつ,名詞,
基礎編,9,帰省,きせい,動詞／名詞,
完成編,1,寄生,きせい,動詞／名詞,
完成編,長文３,規制,きせい,動詞／名詞,
完成編,8,犠牲,ぎせい,名詞,
完成編,会ｗ５,奇跡,きせき,名詞,
完成編,7,基礎,きそ,名詞,
完成編,０９関連語,競う,きそう,動詞,
完成編,7,帰属,きぞく,動詞／名詞,
基礎編,8,期待,きたい,動詞／名詞,
完成編,０３関連語,鍛え上げる,きたえあげる,動詞（複合動詞）,
完成編,０３関連語,鍛える,きたえる,動詞,
基礎編,14,帰宅,きたく,動詞／名詞,
完成編,長文３,貴重,きちょう,な形容詞,
完成編,2,貴重品,きちょうひん,名詞,
完成編,０７関連語,几帳面,きちょうめん,な形容詞,
完成編,０４関連語,きつい,きつい,い形容詞,
基礎編,会話１,喫煙,きつえん,動詞／名詞,
完成編,3,きっかけ,きっかけ,名詞,
完成編,０４関連語,気疲れ,きづかれ,動詞／名詞,
基礎編,2,きつね,きつね,名詞,
完成編,10,機転,きてん,名詞,
完成編,10,機転がきく,きてんがきく,慣用句,
基礎編,4,気に入る,きにいる,慣用句,
完成編,1,気にする,きにする,慣用句,
完成編,1,気になる,きになる,慣用句,
完成編,3,記入,きにゅう,動詞／名詞,
基礎編,7,ギネスブック,ぎねすぶっく,名詞（固有）（カタ）,
基礎編,5,記念,きねん,動詞／名詞,
完成編,4,機能,きのう,動詞／名詞,
基礎編,11,きのこ,きのこ,名詞,
完成編,10,気の毒,きのどく,な形容詞,
完成編,12,木の実,きのみ,名詞,
完成編,3,規模,きぼ,名詞,
基礎編,会話２,希望,きぼう,動詞／名詞,
基礎編,4,基本的,きほんてき,な形容詞,
完成編,10,気まずい,きまずい,い形容詞,
基礎編,15,期末（試験）,きまつ（しけん）,名詞,
完成編,10,決まって,きまって,副詞,
完成編,10,決まり,きまり,名詞,
完成編,10,決まり文句,きまりもんく,名詞,
基礎編,2,決まる,きまる,動詞,
基礎編,9,義務,ぎむ,名詞,
完成編,長文１,決めつける,きめつける,動詞（複合動詞）,
基礎編,19,疑問,ぎもん,名詞,
基礎編,14,ギャーギャー,ぎゃーぎゃー,副詞（擬音）,
完成編,6,逆効果,ぎゃくこうか,名詞,
完成編,０８関連語,逆字引き,ぎゃくじびき,名詞,
完成編,8,虐待,ぎゃくたい,動詞／名詞,
完成編,０９関連語,逆転,ぎゃくてん,動詞／名詞,
完成編,０９関連語,逆転勝ち,ぎゃくてんがち,動詞／名詞,
基礎編,19,逆に,ぎゃくに,副詞,
完成編,０７関連語,客観性,きゃっかんせい,名詞,
完成編,０７関連語,客観的,きゃっかんてき,な形容詞,
完成編,2,ギャップ,ぎゃっぷ,名詞（カタ）,
基礎編,8,ギャンブル,ぎゃんぶる,名詞（カタ）,
基礎編,5,球,きゅう,名詞,
完成編,会話５※,休暇,きゅうか,名詞,
完成編,5,休館日,きゅうかんび,名詞,
基礎編,6,休憩室,きゅうけいしつ,名詞,
基礎編,6,休憩所,きゅうけいじょ,名詞,
基礎編,18,旧作,きゅうさく,名詞,
完成編,2,救助,きゅうじょ,動詞／名詞,
完成編,12,旧人,きゅうじん,名詞,
完成編,1,急速,きゅうそく,な形容詞,
基礎編,6,急ブレーキ,きゅうぶれーき,名詞（カタ）,
完成編,11,給与,きゅうよ,名詞,
基礎編,8,急用,きゅうよう,名詞,
基礎編,長文４,ぎゅっ（と）,ぎゅっと,副詞,
完成編,０７関連語,器用,きよう,な形容詞,
完成編,3,協会,きょうかい,名詞,
完成編,9,境界線,きょうかいせん,名詞,
基礎編,3,競技場,きょうぎじょう,名詞,
完成編,12,供給,きょうきゅう,動詞／名詞,
完成編,０４聴解問題,業者,ぎょうしゃ,名詞,
基礎編,13,教授,きょうじゅ,名詞,
基礎編,20,教習所,きょうしゅうじょ,名詞,
基礎編,7,競争,きょうそう,動詞／名詞,
完成編,2,共存,きょうぞん,動詞／名詞,
基礎編,長文１,強調,きょうちょう,動詞／名詞,
基礎編,長文１,共通,きょうつう,動詞／名詞,
基礎編,長文１,共通点,きょうつうてん,名詞,
完成編,6,共同体,きょうどうたい,名詞,
完成編,長文３,脅迫,きょうはく,動詞／名詞,
完成編,０７聴解問題,恐怖,きょうふ,名詞,
完成編,長文３,興味深い,きょうみぶかい,い形容詞,
完成編,11,教養,きょうよう,名詞,
完成編,6,恐竜,きょうりゅう,名詞,
基礎編,18,行列,ぎょうれつ,名詞,
基礎編,4,漁業,ぎょぎょう,名詞,
完成編,7,極端,きょくたん,な形容詞,
完成編,8,巨大,きょだい,な形容詞,
基礎編,6,距離,きょり,名詞,
完成編,１２関連語,魚類,ぎょるい,名詞,
完成編,会話１,嫌う,きらう,動詞,
完成編,5,気楽,きらく,な形容詞,
完成編,4,～きり,きり,接辞（機能語）,一人きり
基礎編,16,霧,きり,名詞,
完成編,1,きり,きり,名詞,
完成編,０５関連語,切り傷,きりきず,名詞,
完成編,2,ぎりぎり,ぎりぎり,副詞,
完成編,会話３,切り出す／し,きりだす,動詞（複合動詞）,
完成編,10,切り抜ける,きりぬける,動詞（複合動詞）,
完成編,4,～きる,きる,動詞（機能語）,→完了（走りきる）
完成編,０７関連語,きれい好き,きれいずき,な形容詞,
基礎編,7,記録,きろく,名詞,
完成編,1,議論,ぎろん,動詞／名詞,
完成編,長文２,際立つ,きわだつ,動詞,
完成編,１１関連語,際立って,きわだって,副詞,
完成編,12,極める,きわめる,動詞,
完成編,6,気を失う,きをうしなう,慣用句,
完成編,会話５,気を落とす,きをおとす,慣用句,
完成編,6,気を配る,きをくばる,慣用句,
基礎編,1,金（色）,きん,名詞,
基礎編,1,銀（色）,ぎん,名詞,
基礎編,8,金閣寺,きんかくじ,名詞,
完成編,１０関連語,金券,きんけん,名詞,
完成編,１０関連語,金庫,きんこ,名詞,
完成編,０１関連語,禁じる,きんじる,動詞（～じる／ずる）,
完成編,10,緊張感,きんちょうかん,名詞,
完成編,6,近年,きんねん,副詞,
完成編,5,勤務,きんむ,動詞／名詞,
完成編,10,近隣,きんりん,名詞,
完成編,11,勤労,きんろう,名詞,勤労意欲
完成編,9,食い違う,くいちがう,動詞（複合動詞）,
完成編,3,食う,くう,動詞,
完成編,10,ぐうぐう,ぐうぐう,副詞（擬態）,
基礎編,3,空室,くうしつ,名詞,
基礎編,3,空車,くうしゃ,名詞,
基礎編,2,グーチョキパー,ぐーちょきぱー,名詞,じゃんけん
基礎編,15,クーラー,くーらー,名詞（カタ）,
完成編,０５関連語,くぎ,くぎ,名詞,
基礎編,12,臭い,くさい,い形容詞,
基礎編,12,腐る,くさる,動詞,
完成編,12,駆使,くし,動詞／名詞,
完成編,会話２,苦情,くじょう,名詞,
完成編,8,苦心,くしん,動詞／名詞,
完成編,8,苦心のあと,くしんのあと,慣用句,
基礎編,14,くすくす,くすくす,副詞（擬態）,
基礎編,2,薬指,くすりゆび,名詞,
基礎編,17,崩れる,くずれる,動詞,
完成編,０７関連語,具体性,ぐたいせい,名詞,
基礎編,3,具体的,ぐたいてき,な形容詞,
完成編,長文３,下す,くだす,動詞,判断を下す
完成編,9,降す,くだす,動詞,
完成編,8,くだらない,くだらない,い形容詞,
基礎編,13,下る,くだる,動詞,川を下る
完成編,長文１,愚痴,ぐち,名詞,
完成編,11,口答え,くちごたえ,動詞／名詞,
基礎編,2,くちばし,くちばし,名詞,
完成編,10,口は災いのもと,くちはわざわいのもと,慣用句,
基礎編,2,唇,くちびる,名詞,
完成編,10,口を出す,くちをだす,慣用句,
基礎編,6,ぐっすり,ぐっすり,副詞（擬態）,
完成編,6,ぐったり,ぐったり,副詞,
基礎編,長文１,くっつく,くっつく,動詞,
完成編,０７関連語,くどい,くどい,い形容詞,
完成編,6,配る,くばる,動詞,
基礎編,2,首,くび,名詞,
基礎編,17,首飾り,くびかざり,名詞,
基礎編,11,首になる,くびになる,慣用句,
完成編,０２聴解,首輪,くびわ,名詞,
基礎編,12,工夫,くふう,動詞／名詞,
完成編,０３聴解問題,区分,くぶん,名詞,
基礎編,2,区別,くべつ,動詞／名詞,
完成編,7,組合せ（る）,くみあわせる,動詞（複合動詞）,
完成編,１１聴解,組み込む,くみこむ,動詞（複合動詞）,
基礎編,2,組む,くむ,動詞,
完成編,7,くむ,くむ,動詞,水をくむ
基礎編,15,雲,くも,名詞,
完成編,6,悔しい,くやしい,い形容詞,
完成編,6,くやしさ,くやしさ,名詞,
完成編,4,悔やむ,くやむ,動詞,
完成編,会話５,くよくよ,くよくよ,副詞（擬態）,
完成編,長文２,食らう,くらう,動詞,
基礎編,20,クラクション,くらくしょん,名詞（カタ）,
基礎編,13,暮らす,くらす,動詞,
基礎編,9,グラス,ぐらす,名詞（カタ）,
基礎編,19,クラス中,くらすじゅう,名詞（カタ）,
完成編,2,クラッカー,くらっかー,名詞（カタ）,
基礎編,2,グラフィック,ぐらふぃっく,名詞（カタ）,
基礎編,1,比べる,くらべる,動詞,
完成編,会話３,クリアー,クリアー,動詞／名詞（カタ）,
基礎編,1,グリーン,ぐりーん,名詞（カタ）,
基礎編,7,繰り返す,くりかえす,動詞,
基礎編,13,（～て）くる（２）,くる,動詞（機能語）,→アスペクト
基礎編,10,（～て）くる（１）,くる,動詞（機能語）,→動作方向
基礎編,19,狂う,くるう,動詞,
完成編,9,苦しむ,くるしむ,動詞,
基礎編,長文３,車いす,くるまいす,名詞,
基礎編,1,グレー,ぐれー,名詞（カタ）,
完成編,会話４,クレーム,くれーむ,名詞（カタ）,
完成編,2,苦労,くろう,動詞／名詞,
基礎編,15,黒帯,くろおび,名詞,
基礎編,15,クローン（人間）,くろーんにんげん,名詞（カタ）,
基礎編,17,黒っぽい,くろっぽい,い形容詞（複合）,
完成編,1,加える,くわえる,動詞,
完成編,3,食われる,くわれる,動詞,虫に食われる
完成編,4,加わる,くわわる,動詞,
完成編,１１関連語,ぐんぐん,ぐんぐん,副詞（擬態）,
基礎編,9,軍隊,ぐんたい,名詞,
基礎編,長文３,訓練,くんれん,動詞／名詞,
完成編,9,ケア,けあ,名詞（カタ）,
完成編,０２聴解問題,芸,げい,名詞,
基礎編,5,経営,けいえい,動詞／名詞,
基礎編,3,経営者,けいえいしゃ,名詞,
基礎編,3,計画,けいかく,動詞／名詞,
基礎編,8,景気,けいき,名詞,
完成編,11,経験給,けいけんきゅう,名詞,
完成編,11,掲載,けいさい,動詞／名詞,
完成編,０７関連語,経済性,けいざいせい,名詞,
完成編,０７関連語,経済的,けいざいてき,な形容詞,
基礎編,17,刑事,けいじ,名詞,
基礎編,会話８,形式,けいしき,名詞,
完成編,6,軽自動車,けいじどうしゃ,名詞,
完成編,会話１,掲示板,けいじばん,名詞,
基礎編,5,芸術,げいじゅつ,名詞,
完成編,12,系統樹,けいとうじゅ,名詞,
完成編,10,軽べつ,けいべつ,動詞／名詞,
完成編,8,刑務所,けいむしょ,名詞,
完成編,2,契約,けいやく,動詞／名詞,
完成編,7,経理,けいり,名詞,
基礎編,2,ゲーム,げーむ,名詞（カタ）,
基礎編,3,劇場,げきじょう,名詞,
基礎編,15,化粧,けしょう,動詞／名詞,
基礎編,19,ゲスト,げすと,名詞（カタ）,
完成編,6,桁,けた,名詞,
基礎編,10,けち,けち,な形容詞,
完成編,長文１,ケチャップ,けちゃっぷ,名詞（カタ）,
完成編,会話６,決,けつ,名詞,決を採る
基礎編,19,決意,けつい,動詞／名詞,
基礎編,14,血液,けつえき,名詞,
基礎編,5,結果,けっか,名詞,
完成編,長文２,結果的に,けっかてきに,副詞,
完成編,4,欠陥,けっかん,名詞,
基礎編,3,月給,げっきゅう,名詞,
完成編,6,結局,けっきょく,副詞,
完成編,12,結構,けっこう,な形容詞,
基礎編,3,けっこう,けっこう,副詞,
基礎編,17,決して,けっして,副詞,
基礎編,8,決勝戦,けっしょうせん,名詞,
完成編,2,決心,けっしん,動詞／名詞,
基礎編,会話６,欠席,けっせき,動詞／名詞,
完成編,０９関連語,決定戦,けっていせん,名詞,
完成編,０１※,欠点,けってん,名詞,
完成編,12,決別,けつべつ,動詞／名詞,
基礎編,会話１,月末,げつまつ,名詞,
完成編,6,結論,けつろん,名詞,
基礎編,12,煙,けむり,名詞,
基礎編,14,げらげら,げらげら,副詞（擬態）,
完成編,０５関連語,蹴る,ける,動詞,
基礎編,4,～けれど（も）,けれども,接続詞,
基礎編,14,～軒,けん,接辞（助数詞）,
完成編,長文２,～件,けん,接辞（助数詞）,１件、２件
基礎編,7,限界,げんかい,名詞,
完成編,０７関連語,謙虚,けんきょ,な形容詞,
完成編,１２※,言語,げんご,名詞,
完成編,０３関連語,原稿,げんこう,名詞,
完成編,会話４,健康診断書,けんこうしんだんしょ,名詞,
完成編,０３関連語,原稿用紙,げんこうようし,名詞,
基礎編,5,検査,けんさ,動詞／名詞,
基礎編,6,現在,げんざい,名詞,
完成編,０８関連語,検索,けんさく,動詞／名詞,
基礎編,13,現実,げんじつ,名詞,
完成編,０７関連語,現実性,げんじつせい,名詞,
完成編,０７関連語,現実的,げんじつてき,な形容詞,
完成編,3,研修,けんしゅう,動詞／名詞,
基礎編,13,減少,げんしょう,動詞／名詞,
完成編,12,原人,げんじん,名詞,
完成編,1,建設,けんせつ,動詞／名詞,
完成編,11,源泉徴収,げんせんちょうしゅう,動詞／名詞,
完成編,０４関連語,現像,げんぞう,動詞／名詞,
完成編,4,現代人,げんだいじん,名詞,
完成編,3,現地,げんち,名詞,
完成編,長文３,顕著,けんちょ,な形容詞,
完成編,4,限定,げんてい,動詞／名詞,
基礎編,20,検討,けんとう,動詞／名詞,
完成編,長文３,言動,げんどう,名詞,
完成編,7,原動力,げんどうりょく,名詞,
完成編,9,現に,げんに,副詞,
完成編,2,現場,げんば,名詞,
基礎編,11,子,こ,名詞,
基礎編,12,恋,こい,名詞,
完成編,1,行為,こうい,名詞,
完成編,11,合意,ごうい,動詞／名詞,
完成編,会話１※,講演,こうえん,動詞／名詞,
基礎編,9,効果,こうか,名詞,
完成編,１０関連語,豪華,ごうか,な形容詞,
基礎編,12,航海,こうかい,動詞／名詞,
基礎編,19,後悔,こうかい,動詞／名詞,
完成編,０４関連語,光化学スモッグ,こうかがくすもっぐ,名詞（カタ）,
完成編,11,高額,こうがく,な形容詞,
基礎編,19,工学,こうがく,名詞,
基礎編,9,効果的,こうかてき,な形容詞,
完成編,会話２,交換,こうかん,動詞／名詞,
完成編,会話３,後期,こうき,名詞,
基礎編,9,好奇心,こうきしん,名詞,
完成編,1,高級,こうきゅう,な形容詞,
基礎編,4,公共,こうきょう,名詞,
基礎編,4,工業,こうぎょう,名詞,
完成編,０２関連語,好景気,こうけいき,名詞,
完成編,2,攻撃,こうげき,動詞／名詞,
基礎編,19,高校生,こうこうせい,名詞,
完成編,０１※,広告,こうこく,名詞,
完成編,2,交互に,こうごに,副詞,
完成編,7,口座,こうざ,名詞,
完成編,12,工作,こうさく,動詞／名詞,
基礎編,１５※,工事,こうじ,動詞／名詞,
基礎編,12,後者,こうしゃ,名詞,
基礎編,17,公衆電話,こうしゅうでんわ,名詞,
完成編,11,高所得者,こうしょとくしゃ,名詞,
完成編,０９関連語,更新,こうしん,動詞／名詞,
基礎編,16,洪水,こうずい,名詞,
完成編,０３関連語,合成着色料,ごうせいちゃくしょくりょう,名詞,
完成編,０３関連語,合成保存料,ごうせいほぞんりょう,名詞,
基礎編,6,高速道路,こうそくどうろ,名詞,
完成編,2,交代,こうたい,動詞／名詞,
完成編,9,高地,こうち,名詞,
基礎編,11,校長,こうちょう,名詞,
基礎編,3,交通費,こうつうひ,名詞,
完成編,長文３,肯定,こうてい,動詞／名詞,
完成編,長文３,肯定的,こうていてき,な形容詞,
完成編,2,高度,こうど,な形容詞,
基礎編,長文３,行動,こうどう,動詞／名詞,
完成編,長文３,強盗,ごうとう,名詞,
基礎編,7,校内,こうない,名詞,
基礎編,3,光熱費,こうねつひ,名詞,
基礎編,11,後輩,こうはい,名詞,
基礎編,14,後半,こうはん,名詞,
完成編,０２関連語,幸福,こうふく,な形容詞,
基礎編,13,興奮,こうふん,動詞／名詞,
完成編,０２関連語,公平,こうへい,な形容詞,
完成編,5,広報誌,こうほうし,名詞,
基礎編,4,公務員,こうむいん,名詞,
基礎編,15,～合目,ごうめ,接辞（助数詞）,５合目
完成編,０７関連語,合理性,ごうりせい,名詞,
完成編,10,効率よく,こうりつよく,副詞,
完成編,7,合理的,ごうりてき,な形容詞,
完成編,０５聴解※,交流,こうりゅう,動詞／名詞,
完成編,０３聴解問題,考慮,こうりょ,動詞／名詞,
完成編,長文２,高齢者,こうれいしゃ,名詞,
完成編,6,超える,こえる,動詞,
完成編,０５関連語,越える,こえる,動詞,
基礎編,9,コード,こーど,名詞（カタ）,
基礎編,10,コーナー,こーなー,名詞（カタ）,
基礎編,長文２,氷,こおり,名詞,
基礎編,13,凍る,こおる,動詞,
基礎編,6,ゴール,ごーる,動詞／名詞（カタ）,
完成編,長文３,ゴールデンアワー,ごーるでんあわー,名詞（カタ）,
基礎編,6,ゴールデンウイーク,ごーるでんうぃーく,名詞（カタ）,
基礎編,1,ゴールド,ごーるど,名詞（カタ）,
基礎編,9,誤解,ごかい,動詞／名詞,
完成編,０２関連語,小型,こがた,名詞,
完成編,会話４,顧客,こきゃく,名詞,
完成編,4,ごく,ごく,副詞,
基礎編,17,国技,こくぎ,名詞,
基礎編,14,国語,こくご,名詞　,
完成編,1,国産,こくさん,名詞,
完成編,7,国勢調査,こくせいちょうさ,名詞,
基礎編,1,国籍,こくせき,名詞,
基礎編,１６※,黒板,こくばん,名詞,
基礎編,10,国民,こくみん,名詞,
完成編,長文２,国民皆保険制度,こくみんかいほけんせいど,名詞,
完成編,０７関連語,国民性,こくみんせい,名詞,
基礎編,長文２,国連（→国際連合）,こくれん（こくさいれんごう）,名詞,
完成編,０４関連語,５Ｋ,ごけー,名詞,
基礎編,12,焦げる,こげる,動詞,
完成編,11,個々,ここ,名詞,
基礎編,13,心,こころ,名詞,
完成編,2,心得,こころえ,名詞,
完成編,7,試みる,こころみる,動詞,
基礎編,2,腰,こし,名詞,
完成編,１０関連語,個室,こしつ,名詞,
完成編,０８関連語,五十音（順）,ごじゅうおん（じゅん）,名詞,
完成編,長文３,腰を上げる,こしをあげる,慣用句,
完成編,2,腰を下ろす,こしをおろす,慣用句,
完成編,０１※,個人,こじん,名詞,
完成編,2,越す,こす,動詞,
完成編,１１関連語,超す,こす,動詞,
完成編,０４聴解問題,コスト,こすと,名詞（カタ）,
完成編,5,個性,こせい,名詞,
完成編,5,個性的,こせいてき,な形容詞,
基礎編,20,小銭,こぜに,名詞,
完成編,会話５,こたえる,こたえる,動詞,応える
完成編,2,こだわる,こだわる,動詞,
基礎編,8,ごちそう,ごちそう,動詞／名詞,
完成編,11,ごちゃごちゃ,ごちゃごちゃ,副詞,
完成編,11,誇張,こちょう,動詞／名詞,
基礎編,4,国会議員,こっかいぎいん,名詞,
完成編,3,国会議事堂,こっかいぎじどう,名詞,
基礎編,5,国旗,こっき,名詞,
完成編,10,滑稽,こっけい,な形容詞,
完成編,6,こつこつ,こつこつ,副詞,
完成編,０５関連語,骨折,こっせつ,動詞／名詞,
基礎編,12,こってり,こってり,副詞,
基礎編,16,異なる,ことなる,動詞,
基礎編,5,～ごとに,ごとに,接辞（機能語）,１００年ごとに
完成編,10,言葉遣い,ことばづかい,名詞,
基礎編,17,子供っぽい,こどもっぽい,い形容詞（複合）,
基礎編,14,ことわざ,ことわざ,名詞,
基礎編,会話４,断る,ことわる,動詞,
基礎編,5,この（～年）,この,指示詞,この１００年
基礎編,18,この分では,このぶんでは,副詞（複合）,
完成編,会話１,好み,このみ,名詞,
完成編,会話１,好む,このむ,動詞,
完成編,10,小話,こばなし,名詞,
完成編,０５関連語,こぶ,こぶ,名詞,
基礎編,長文３,個別に,こべつに,副詞,
完成編,長文１,こぼす,こぼす,動詞,
完成編,10,～こま,こま,接辞（助数詞）,漫画（１こま、２こま）
基礎編,19,ごまかす,ごまかす,動詞,
基礎編,20,コミュニケーション,こみゅにけーしょん,動詞／名詞（カタ）,
完成編,1,込める,こめる,動詞,
完成編,4,小物入れ,こものいれ,名詞,
基礎編,2,小指,こゆび,名詞,
完成編,10,暦,こよみ,名詞,
基礎編,15,ご来光,ごらいこう,名詞,
完成編,3,コラム,こらむ,名詞（カタ）,
完成編,12,ゴリラ,ごりら,名詞（カタ）,
基礎編,9,こる,こる,動詞,肩ががこる
基礎編,14,これまで,これまで,副詞（複合）,
基礎編,7,これら,これら,指示詞,
完成編,０５関連語,転がす,ころがす,動詞,
完成編,5,転がる,ころがる,動詞,
基礎編,14,殺す,ころす,動詞,
完成編,会話２,転ぶ,ころぶ,動詞,
基礎編,9,今回,こんかい,名詞,
完成編,8,根拠,こんきょ,名詞,
基礎編,14,コンクール,こんくーる,名詞（カタ）,
基礎編,長文２,今世紀,こんせいき,名詞,
基礎編,7,コンタクトレンズ,こんたくとれんず,名詞（カタ）,
完成編,2,困難,こんなん,な形容詞,
完成編,2,今日,こんにち※,名詞,
完成編,会話３,コンパ,こんぱ,名詞（カタ）,
基礎編,6,コンビニ,こんびに,名詞（カタ）,
完成編,０４関連語,混乱,こんらん,動詞／名詞,
完成編,０７聴解問題,差,さ,名詞,
基礎編,16,ザーザー（と）,ざーざー,副詞（擬音）,
完成編,2,際,さい,名詞,～の際
完成編,7,最悪,さいあく,名詞,
完成編,０４関連語,災害,さいがい,名詞,
完成編,11,財源,ざいげん,名詞,
基礎編,長文２,最高,さいこう,名詞,
完成編,6,最終的,さいしゅうてき,な形容詞,
完成編,11,歳出,さいしゅつ,名詞,
完成編,11,在職,ざいしょく,動詞／名詞,
完成編,2,際する,さいする,動詞,～に際して
完成編,12,財政,ざいせい,名詞,
完成編,長文２,在宅,ざいたく,名詞,
完成編,9,最大限,さいだんげん,名詞,
完成編,０１聴解問題,～最中,さいちゅう,接辞（機能語）,
完成編,5,最低限,さいていげん,名詞,
完成編,11,歳入,さいにゅう,名詞,
完成編,０３関連語,栽培,さいばい,動詞／名詞,
完成編,3,再発行,さいはっこう,動詞／名詞,
基礎編,14,細胞,さいぼう,名詞,
完成編,会話４,最優先,さいゆうせん,名詞,
完成編,4,再利用,さいりよう,動詞／名詞,
完成編,7,さえ,さえ,助詞,
基礎編,3,坂,さか,名詞,
基礎編,長文４,逆さま,さかさま,名詞,逆さまにする
基礎編,長文３,盛ん,さかん,な形容詞,
完成編,長文１,～先,さき,接辞（接尾語）,出張先
基礎編,長文２,先,さき,名詞,先のこと
完成編,長文２,先程,さきほど,副詞,
基礎編,長文１,作業,さぎょう,動詞／名詞,
完成編,長文２,削減,さくげん,動詞／名詞,
基礎編,13,作詞家,さくしか,名詞,
基礎編,15,昨年,さくねん,名詞,
基礎編,14,昨晩,さくばん,名詞　,
基礎編,17,作品,さくひん,名詞,
基礎編,8,～作目,さくめ,接辞（助数詞）,
基礎編,長文２,作物,さくもつ,名詞,
基礎編,10,叫ぶ,さけぶ,動詞,
完成編,長文２,支える,ささえる,動詞,
完成編,10,ささやく,ささやく,動詞,
完成編,０５関連語,刺さる,ささる,動詞,
完成編,１０関連語,座敷,ざしき,名詞,
基礎編,長文１,指す,さす,動詞,
完成編,０５関連語,刺す,さす,動詞,
完成編,9,さすが,さすが,副詞,
基礎編,19,さぞ,さぞ,副詞,
基礎編,3,作家,さっか,名詞,
基礎編,17,錯覚,さっかく,動詞／名詞,
完成編,11,早急に,さっきゅうに,副詞,
基礎編,13,作曲家,さっきょくか,名詞,
基礎編,3,さっそく,さっそく,副詞,
基礎編,長文１,さっと,さっと,副詞,
完成編,1,さっぱり,さっぱり,副詞,
完成編,6,さて,さて,接続詞,
完成編,会話６※,差別,さべつ,動詞／名詞,
完成編,10,さほど,さほど,副詞,
基礎編,17,さぼる,さぼる,動詞,
完成編,12,様,さま,名詞,
基礎編,7,様々,さまざま,な形容詞,
基礎編,18,寒気,さむけ,名詞,寒気がする
基礎編,10,左右する,さゆうする,動詞,人生を左右する
基礎編,12,ざらざら,ざらざら,副詞（擬態）,
基礎編,3,さらに,さらに,副詞,
完成編,7,さらには,さらには,接続詞,
完成編,０８関連語,去る,さる,動詞,
完成編,０１聴解問題,騒ぐ,さわぐ,動詞,
完成編,11,触る,さわる,動詞,
基礎編,5,三角（形）,さんかく（けい）,名詞,
完成編,1,三角関係,さんかくかんけい,名詞,
完成編,9,参議院,さんぎいん,名詞,
基礎編,4,産業／～産業,さんぎょう,名詞,
完成編,０４関連,３Ｋ,さんけー,名詞,
基礎編,会話２,参考,さんこう,名詞,参考にする／なる
完成編,０４関連,３高,さんこう,名詞,
完成編,7,参考までに,さんこうまでに,慣用句,
基礎編,19,算数,さんすう,名詞,
完成編,9,酸素,さんそ,名詞,
完成編,11,サンタクロース,さんたくろーす,名詞（固有）（カタ）,
完成編,9,山地,さんち,名詞,
完成編,5,～児,じ,接辞（数助詞）,２児の母
完成編,０３関連,仕上がる,しあがる,動詞,
完成編,０３関連,仕上げる,しあげる,動詞,
完成編,1,ＣＧ,しーじー,名詞,
完成編,9,強いる,しいる,動詞,
完成編,5,シーン,しーん,名詞（カタ）,
基礎編,12,塩辛い,しおからい,い形容詞,
完成編,5,仕送り,しおくり,動詞／名詞,
基礎編,8,次回,じかい,名詞,
完成編,4,資格,しかく,名詞,
基礎編,19,歯学,しがく,名詞,
基礎編,5,四角（形）,しかく（けい）,名詞,
基礎編,1,四角い,しかくい,い形容詞,
完成編,１１聴解問題,視覚的（に）,しかくてきに,副詞,
完成編,7,しかも,しかも,接続詞,
完成編,6,時間をつぶす,じかんをつぶす,慣用句,
基礎編,16,時期,じき,名詞,
基礎編,3,時給,じきゅう,名詞,
完成編,9,持久力,じきゅうりょく,名詞,
基礎編,14,しくしく,しくしく,副詞（擬態）,
完成編,2,仕組み,しくみ,名詞,
基礎編,9,刺激,しげき,動詞／名詞,
基礎編,16,資源,しげん,名詞,
完成編,12,思考,しこう,動詞／名詞,
完成編,3,事項,じこう,名詞,
完成編,11,持参,じさん,動詞／名詞,
完成編,6,指示,しじ,動詞／名詞,
基礎編,9,死者,ししゃ,名詞,
完成編,6,市場,しじょう,名詞,
完成編,会話１,事情,じじょう,名詞,
完成編,11,死傷者,ししょうしゃ,名詞,
基礎編,会話１,自信,じしん,名詞,
基礎編,4,自身,じしん,名詞,
完成編,2,沈む,しずむ,動詞,
完成編,11,姿勢,しせい,名詞,
基礎編,長文３,施設,しせつ,名詞,
完成編,3,事前に,じぜんに,副詞,
完成編,1,自然に／と,しぜんに／と,副詞,
完成編,０６関連語,時速,じそく,名詞,
完成編,12,子孫,しそん,名詞,
完成編,8,～次第,しだい,接辞（機能語）,わかり次第～
完成編,4,事態,じたい,名詞,
基礎編,会話２,時代,じだい,名詞,
完成編,12,次第に,しだいに,副詞,
基礎編,10,従う,したがう,動詞,
基礎編,20,下書き,したがき,動詞／名詞,
完成編,9,したがって,したがって,接続詞,
完成編,2,親しみ,したしみ,名詞,
完成編,2,親しむ,したしむ,動詞,
完成編,１１関連語,下回る,したまわる,動詞,
完成編,長文３,視聴,しちょう,動詞／名詞,
完成編,０２関連語,視聴者,しちょうしゃ,名詞,
基礎編,18,視聴率,しちょうりつ,名詞,
基礎編,1,質,しつ,名詞,
完成編,9,失格,しっかく,動詞／名詞,
基礎編,長文１,しっかり,しっかり,副詞,しっかり表現する
基礎編,長文３,しっかり,しっかり,副詞（擬態）,
基礎編,長文２,実感,じっかん,動詞／名詞,
完成編,6,失業,しつぎょう,動詞／名詞,
完成編,10,実況,じっきょう,動詞／名詞,
完成編,6,失業率,しつぎょうりつ,名詞,
完成編,１０聴解問題,じっくり,じっくり,副詞,
基礎編,長文３,しつけ,しつけ,名詞,
基礎編,長文３,しつける,しつける,動詞,
基礎編,13,実現,じつげん,動詞／名詞,
完成編,０７関連語,しつこい,しつこい,い形容詞,
基礎編,長文１,実際（に）は,じっさい（に）は,副詞,
基礎編,長文１,実際に,じっさいに,副詞,
完成編,4,実施,じっし,動詞／名詞,
完成編,8,実績,じっせき,名詞,
完成編,8,しっと,しっと,動詞／名詞,嫉妬
基礎編,16,湿度,しつど,名詞,
基礎編,17,室内,しつない,名詞,
基礎編,7,実に,じつに,副詞,
完成編,8,執筆,しっぴつ,動詞／名詞,
完成編,０５関連語,湿布,しっぷ,名詞,
基礎編,3,実力,じつりょく,名詞,
完成編,3,失恋,しつれん,動詞／名詞,
完成編,会話３,指摘,してき,動詞／名詞,
完成編,1,視点,してん,名詞,
完成編,2,時点,じてん,名詞,
完成編,会話１,指導,しどう,動詞／名詞,
基礎編,6,自動,じどう,名詞,自動運転
基礎編,19,児童,じどう,名詞,
基礎編,6,自動的に,じどうてきに,副詞,
基礎編,16,しとしと,しとしと,副詞（擬態）,
完成編,会話１,芝居,しばい,動詞／名詞,
完成編,3,支払い,しはらい,名詞,
完成編,3,支払う,しはらう,動詞,
基礎編,18,しばらくして,しばらくして,副詞（複合）,
完成編,12,縛る,しばる,動詞,
完成編,長文２,指標,しひょう,名詞,
完成編,11,シフト,しふと,動詞／名詞,→変化
基礎編,11,死亡,しぼう,動詞／名詞,
基礎編,会話２,志望,しぼう,動詞／名詞,
完成編,０３聴解問題,脂肪,しぼう,名詞,
完成編,長文２,死亡率,しぼうりつ,名詞,
完成編,長文１,絞る,しぼる,動詞,→動作
完成編,12,しまう,しまう,動詞,→片づける
基礎編,3,自慢,じまん,動詞／名詞,
完成編,０７関連語,地味,じみ,な形容詞,
完成編,2,シミュレーション,しみゅれーしょん,名詞（カタ）,
基礎編,長文１,市民,しみん,名詞,
基礎編,5,締切,しめきり,名詞,
基礎編,5,締め切る,しめきる,動詞,
基礎編,16,じめじめ,じめじめ,副詞（擬態）,
完成編,1,示す,しめす,動詞,
基礎編,17,湿っぽい,しめっぽい,い形容詞（複合）,
基礎編,16,湿る,しめる,動詞,
完成編,長文２,占める,しめる,動詞,
完成編,5,地面,じめん,名詞,
基礎編,13,地元,じもと,名詞,
基礎編,4,社員,しゃいん,名詞,
基礎編,19,社会人,しゃかいじん,名詞,
完成編,長文２,社会保険,しゃかいほけん,名詞,
完成編,０５関連語,しゃがむ,しゃがむ,動詞,
基礎編,6,車庫,しゃこ,名詞,
基礎編,20,車線,しゃせん,名詞,
完成編,4,借金,しゃっきん,名詞,
基礎編,4,車内,しゃない,名詞,
基礎編,12,しゃべる,しゃべる,動詞,
基礎編,9,邪魔,じゃまする,動詞,
完成編,０５関連語,斜面,しゃめん,名詞,
基礎編,2,じゃんけん,じゃんけん,名詞,
基礎編,2,「じゃんけん、ぽん」,じゃんけんぽん,表現,
完成編,０５関連語,ジャンプ,じゃんぷ,動詞／名詞（カタ）,
完成編,4,ジャンル,じゃんる,名詞（カタ）,
完成編,12,種,しゅ,名詞,
基礎編,13,～周,しゅう,接辞（数助詞）,１周、２周
基礎編,6,～中,じゅう,接辞（機能語）,期間（一晩中）
完成編,長文３,銃,じゅう,名詞,
基礎編,14,週刊誌,しゅうかんし,名詞,
完成編,9,衆議院,しゅうぎいん,名詞,
基礎編,9,宗教,しゅうきょう,名詞,
基礎編,4,従業員,じゅうぎょういん,名詞,
基礎編,会話６,集合,しゅうごう,動詞／名詞,
完成編,6,重視,じゅうし,動詞／名詞,
基礎編,19,修士課程,しゅうしかてい,名詞,
完成編,4,収集,しゅうしゅう,動詞／名詞,
基礎編,11,就職,しゅうしょく,動詞／名詞,
完成編,6,修飾,しゅうしょく,動詞／名詞,
完成編,会話４,住所録,じゅうしょろく,名詞,
完成編,3,終身雇用,しゅうしんこよう,名詞,
基礎編,9,渋滞,じゅうたい,動詞／名詞,
基礎編,11,重大,じゅうだい,な形容詞,
完成編,6,重大性,じゅうだいせい,名詞,
完成編,１０聴解問題,集中,しゅうちゅう,動詞／名詞,
基礎編,16,集中的に,しゅうちゅうてき,副詞,
完成編,12,習得,しゅうとく,動詞／名詞,
基礎編,6,～中に,じゅうに,接辞（機能語）,期間（今日中に）
完成編,会話２,住人,じゅうにん,名詞,
完成編,8,収納,しゅうのう,動詞／名詞,
完成編,1,十分,じゅうぶん,副詞,
完成編,4,周辺,しゅうへん,名詞,
完成編,1,住民,じゅうみん,名詞,
完成編,11,住民税,じゅうみんぜい,名詞,
完成編,8,収容,しゅうよう,動詞／名詞,
基礎編,長文１,重要,じゅうよう,な形容詞,
完成編,3,重要性,じゅうようせい,名詞,
完成編,2,修理,しゅうり,動詞／名詞,
完成編,長文３,州立,しゅうりつ,名詞,
完成編,4,修了,しゅうりょう,動詞／名詞,
基礎編,18,主演,しゅえん,動詞／名詞,
基礎編,3,授業料,じゅぎょうりょう,名詞,
完成編,5,祝日,しゅくじつ,名詞,
完成編,6,縮小,しゅくしょう,動詞／名詞,
完成編,会話６,祝福,しゅくふく,動詞／名詞,
完成編,8,受刑者,じゅけいしゃ,名詞,
完成編,会話２※,受験,じゅけん,動詞／名詞,
完成編,０１聴解問題,主催,しゅさい,動詞／名詞,
完成編,3,取材,しゅざい,動詞／名詞,
基礎編,16,首相,しゅしょう,名詞,
完成編,長文２,受診,じゅしん,動詞／名詞,
基礎編,10,主人公,しゅじんこう,名詞,
完成編,11,酒税,しゅぜい,名詞,
完成編,3,手段を選ばない,しゅだんをえらばない,慣用句,
完成編,1,主張,しゅちょう,動詞／名詞,
基礎編,16,出荷,しゅっか,動詞／名詞,
完成編,4,出願,しゅつがん,動詞／名詞,
基礎編,11,出産,しゅっさん,動詞／名詞,
基礎編,6,出社,しゅっしゃ,動詞／名詞,
基礎編,19,出場,しゅつじょう,動詞／名詞,
基礎編,会話１,出身,しゅっしん,名詞,
完成編,会話４,出身校,しゅっしんこう,名詞,
基礎編,11,出世,しゅっせ,動詞／名詞,
完成編,3,出店,しゅってん,動詞／名詞,
完成編,2,出版社,しゅっぱんしゃ,名詞,
完成編,8,首脳,しゅのう,名詞,
基礎編,5,寿命,じゅみょう,名詞,
完成編,11,主要,しゅよう,な形容詞,
完成編,12,需要,じゅよう,名詞,
完成編,12,狩猟,しゅりょう,名詞,
完成編,8,瞬間,しゅんかん,名詞,
完成編,０９関連語,準決勝,じゅんけっしょう,名詞,
完成編,０９関連語,準々決勝,じゅんじゅんけっしょう,名詞,
完成編,12,順調,じゅんちょう,な形容詞,
完成編,2,順番,じゅんばん,名詞,
完成編,０９関連語,準優勝,じゅんゆうしょう,名詞,
基礎編,12,～勝,しょう,接辞（数助詞）,１勝、２勝
完成編,会話４,章,しょう,名詞,
基礎編,1,～畳,じょう,接辞（助数詞）,
基礎編,10,上位,じょうい,名詞,
完成編,長文３,照会,しょうかい,動詞／名詞,
完成編,長文３,傷害,しょうがい,名詞,
完成編,11,生涯,しょうがい,名詞,
基礎編,19,小学～年生,しょうがく～ねんせい,名詞,
完成編,4,奨学金,しょうがくきん,名詞,
基礎編,19,小学生,しょうがくせい,名詞,
基礎編,10,しょうがない,しょうがない,い形容詞（複合）,
基礎編,2,将棋,しょうぎ,名詞,
完成編,長文３,小規模,しょうきぼ,名詞,
完成編,4,焼却,しょうきゃく,動詞／名詞,
基礎編,3,上級,じょうきゅう,名詞,
基礎編,15,上京,じょうきょう,動詞／名詞,
完成編,2,状況,じょうきょう,名詞,
基礎編,10,消極的,しょうきょくてき,な形容詞,
基礎編,12,条件,じょうけん,名詞,
完成編,10,証拠,しょうこ,名詞,
完成編,7,詳細,しょうさい,名詞／な形容詞,
基礎編,11,上司,じょうし,名詞,
完成編,長文２,少子化,しょうしか,名詞,
完成編,6,正直,しょうじき,な形容詞,
完成編,０６※,常識,じょうしき,名詞,
基礎編,4,商社,しょうしゃ,名詞,
基礎編,長文３,乗車,じょうしゃ,動詞／名詞,
完成編,8,上昇,じょうしょう,動詞／名詞,
完成編,０４関連語,生じる,しょうじる,動詞（～じる／ずる）,
基礎編,11,昇進,しょうしん,動詞／名詞,
完成編,11,少数派,しょうすうは,名詞,
基礎編,5,状態,じょうたい,名詞,
完成編,１０関連語,招待券,しょうたいけん,名詞,
基礎編,会話１,招待状,しょうたいじょう,名詞,
完成編,5,上達,じょうたつ,動詞／名詞,
完成編,5,商談,しょうだん,動詞／名詞,
完成編,長文１,冗談,じょうだん,名詞,
完成編,10,承知する,しょうちする,動詞,
完成編,3,省庁,しょうちょう,名詞,
基礎編,6,衝突,しょうとつ,動詞／名詞,
基礎編,17,少年,しょうねん,名詞,
基礎編,16,商売,しょうばい,名詞,
完成編,2,上半身,じょうはんしん,名詞,
完成編,4,消費,しょうひ,動詞／名詞,
完成編,3,消費者,しょうひしゃ,名詞,
基礎編,5,消費税,しょうひぜい,名詞,
基礎編,4,商品,しょうひん,名詞,
基礎編,7,賞品,しょうひん,名詞,
完成編,１０関連語,商品券,しょうひんけん,名詞,
基礎編,2,勝負,しょうぶ,動詞／名詞,
基礎編,長文１,情報,じょうほう,名詞,
完成編,3,情報技術,じょうほうぎじゅつ,名詞,
基礎編,16,賞味期限,しょうみきげん,名詞,
完成編,3,証明書,しょうめいしょ,名詞,
完成編,8,正面,しょうめん,名詞,
完成編,2,省略,しょうりゃく,動詞／名詞,
基礎編,13,上流,じょうりゅう,名詞,
基礎編,3,使用料金,しようりょうきん,名詞,
完成編,10,ジョーク,じょーく,名詞（カタ）,
基礎編,12,ショーペンハウアー,しょーぺんはうあー,名詞（固有）（カタ）,
基礎編,2,初級,しょきゅう,名詞,
基礎編,4,職員,しょくいん,名詞,
基礎編,13,職業,しょくぎょう,名詞,
完成編,3,食材,しょくざい,名詞,
完成編,3,食卓,しょくたく,名詞,
基礎編,16,食中毒,しょくちゅうどく,名詞,
基礎編,3,食費,しょくひ,名詞,
完成編,1,食品,しょくひん,名詞,
基礎編,会話８,助言,じょげん,動詞／名詞,
完成編,10,諸国,しょこく,名詞,
完成編,1,初婚,しょこん,名詞,
完成編,7,所在,しょざい,名詞,
完成編,１１関連語,徐々に,じょじょに,副詞,
完成編,長文２,初診料,しょしんりょう,名詞,
完成編,会話６,所存,しょぞん,名詞,
完成編,10,処置,しょち,動詞／名詞,
完成編,長文１,しょっちゅう,しょっちゅう,副詞,
基礎編,12,しょっぱい,しょっぱい,い形容詞,
完成編,11,所得税,しょとくぜい,名詞,
完成編,長文１,初日,しょにち,名詞,
完成編,6,初年度,しょねんど,名詞,
基礎編,13,女優,じょゆう,名詞,
完成編,4,処理,しょり,動詞／名詞,
基礎編,2,しり,しり,名詞,尻
基礎編,19,知り合い,しりあい,名詞,
基礎編,8,シリーズ,しりーず,名詞（カタ）,
完成編,1,自立,じりつ,動詞／名詞,
完成編,12,印,しるし,名詞,
基礎編,1,シルバー,しるばー,名詞（カタ）,
基礎編,4,シルバー産業,しるばーさんぎょう,名詞（カタ）,
基礎編,15,白帯,しろおび,名詞,
基礎編,会話８,じろじろ,じろじろ,副詞（擬態）,
基礎編,17,白っぽい,しろっぽい,い形容詞（複合）,
完成編,5,しわ,しわ,名詞,
完成編,12,進化,しんか,動詞／名詞,
基礎編,14,進学,しんがく,動詞／名詞,
完成編,０２関連語,新型,しんがた,名詞,
完成編,9,進級,しんきゅう,動詞／名詞,
基礎編,7,新記録,しんきろく,名詞,
完成編,1,シングル,しんぐる,名詞（カタ）,
完成編,6,神経質,しんけいしつ,な形容詞,
基礎編,10,真剣,しんけん,な形容詞,
基礎編,長文２,深刻,しんこく,な形容詞,
完成編,11,申告,しんこく,動詞／名詞,
基礎編,長文２,深刻さ,しんこくさ,名詞,
基礎編,18,新作,しんさく,名詞,
完成編,長文２,診察,しんさつ,動詞／名詞,診察料金
完成編,０９聴解問題,紳士服,しんしふく,名詞,
基礎編,20,新車,しんしゃ,名詞,
完成編,1,進出,しんしゅつ,動詞／名詞,
完成編,12,新人（２）,しんじん,名詞,人類の歴史
完成編,3,新人（１）,しんじん,名詞,フレッシュマン
基礎編,7,申請,しんせい,動詞／名詞,
基礎編,9,人生,じんせい,名詞,
基礎編,19,親せき,しんせき,名詞,
基礎編,14,新鮮,しんせん,な形容詞,
基礎編,12,心臓,しんぞう,名詞,
完成編,8,人体,じんたい,名詞,
完成編,会話４,診断,しんだん,動詞／名詞,
完成編,3,慎重,しんちょう,な形容詞,
完成編,０３聴解問題,身長,しんちょう,名詞,
完成編,9,震度,しんど,名詞,
完成編,4,真に,しんに,副詞,
基礎編,3,新入生,しんにゅうせい,名詞,
完成編,1,審判,しんぱん,名詞,
完成編,7,新婦,しんぷ,名詞,
基礎編,5,進歩,しんぽ,動詞／名詞,
完成編,会話４,親睦会,しんぼくかい,名詞,
完成編,12,深夜,しんや,名詞,
基礎編,11,親友,しんゆう,名詞,
完成編,2,信用,しんよう,動詞／名詞,
基礎編,16,信頼,しんらい,動詞／名詞,
完成編,11,真理,しんり,名詞,
基礎編,19,心理学,しんりがく,名詞,
完成編,12,森林,しんりん,名詞,
完成編,6,人類,じんるい,名詞,
完成編,7,新郎,しんろう,名詞,
完成編,長文２,推移,すいい,動詞／名詞,
基礎編,長文４,吸い殻,すいがら,名詞,
完成編,会話４,推薦,すいせん,動詞／名詞,
完成編,会話４,推薦状,すいせんじょう,名詞,
完成編,長文３,推定,すいてい,動詞／名詞,
基礎編,14,数学,すうがく,名詞,
基礎編,6,数字,すうじ,名詞,
基礎編,10,ずうずうしい,ずうずうしい,い形容詞,
完成編,０３聴解問題,数値,すうち,名詞,
基礎編,17,数人,すうにん,名詞,
基礎編,17,姿,すがた,名詞,
完成編,12,姿を消す,すがたをけす,慣用句,
完成編,7,好かれる,すかれる,動詞,
基礎編,10,～すぎ,すぎ,接辞（機能語）,食べ過ぎだ
完成編,1,杉,すぎ,名詞,
基礎編,10,～好き,ずき,接辞（接尾語）,占い好き
完成編,長文３,（～に）すぎない,すぎない,動詞（複合辞）,
完成編,7,好く,すく,動詞,
基礎編,3,すぐ（近く）,すぐ,副詞,すぐ近く
完成編,10,救い,すくい,名詞,
完成編,10,救う,すくう,動詞,
完成編,9,少なくとも,すくなくとも,副詞,
完成編,9,スケール,すけーる,名詞（カタ）,
基礎編,3,すごく,すごく,副詞,
完成編,9,少しでも,すこしでも,副詞（複合）,
基礎編,3,少しも,すこしも,副詞,
基礎編,長文２,過ごす,すごす,動詞,
基礎編,6,進む,すすむ,動詞,
基礎編,2,すずめ,すずめ,名詞,
基礎編,6,進める,すすめる,動詞,研究を進める
完成編,会話１,勧める,すすめる,動詞,
完成編,2,スタッフ,すたっふ,名詞（カタ）,
完成編,１０関連語,スタンプカード,すたんぷかーど,名詞（カタ）,
基礎編,4,すっかり,すっかり,副詞,
基礎編,12,酸っぱい,すっぱい,い形容詞,
基礎編,18,すでに,すでに,副詞,
完成編,9,ストーカー,すとーかー,名詞（カタ）,
基礎編,9,ストーブ,すとーぶ,名詞（カタ）,
基礎編,2,ストーリー,すとーりー,名詞（カタ）,
基礎編,15,ストライキ,すとらいき,名詞（カタ）,
完成編,10,素直,すなお,な形容詞,
完成編,6,すなわち,すなわち,接続詞,
基礎編,18,スパゲティ,すぱげてぃ,名詞（カタ）,
完成編,10,素早く,すばやく,副詞,
基礎編,6,スピード,すぴーど,名詞（カタ）,
基礎編,20,スピード違反,すぴーどいはん,名詞（カタ）,
完成編,8,スペース,すぺーす,名詞（カタ）,
基礎編,11,すべて,すべて,副詞,
完成編,5,滑り台,すべりだい,名詞,
基礎編,会話２,滑る,すべる,動詞,→スキー
基礎編,6,済ませる,すませる,動詞,
完成編,3,隅,すみ,名詞,
基礎編,6,済む,すむ,動詞　,
基礎編,20,スムーズ,すむーず,な形容詞,
完成編,10,住めば都,すめばみやこ,慣用句（ことわざ）,
完成編,会話１,ずらす,ずらす,動詞,
完成編,０５関連語,すり傷,すりきず,名詞,
基礎編,6,スリップ,すりっぷ,動詞／名詞（カタ）,
完成編,０５関連語,すりむく,すりむく,名詞,
完成編,０７関連語,ずるい,ずるい,い形容詞,
基礎編,20,すれ違う,すれちがう,動詞,
完成編,3,スローガン,すろーがん,名詞（カタ）,
完成編,１０関連語,座り心地,すわいここち,名詞,
完成編,０７関連語,～性,せい,接辞（接尾語）,経済性
完成編,10,声援,せいえん,名詞,
完成編,9,成果,せいか,名詞,
完成編,7,正解,せいかい,動詞／名詞,
基礎編,長文１,正確,せいかく,な形容詞,
基礎編,1,性格,せいかく,名詞,
基礎編,3,生活費,せいかつひ,名詞,
基礎編,5,世紀,せいき,名詞,
完成編,2,正義,せいぎ,名詞,
完成編,10,請求書,せいきゅうしょ,名詞,
完成編,6,税金,ぜいきん,名詞,
完成編,０２関連語,清潔,せいけつ,な形容詞,
完成編,9,制限,せいげん,動詞／名詞,
完成編,1,政策,せいさく,名詞,
基礎編,14,生産,せいさん,動詞／名詞,
完成編,０３関連語,生死,せいし,名詞,
基礎編,16,政治家,せいじか,名詞,
完成編,10,正社員,せいしゃいん,名詞,
基礎編,20,清書,せいしょ,動詞／名詞,
完成編,０３聴解問題,正常,せいじょう,な形容詞,
完成編,2,青少年,せいしょうねん,名詞,
完成編,０５聴解問題,精神,せいしん,名詞,
基礎編,11,成人,せいじん,動詞／名詞,
基礎編,11,成人式,せいじんしき,名詞,
基礎編,9,精神的,せいしんてき,な形容詞,
完成編,10,せいぜい,せいぜい,副詞,
完成編,会話４,成績証明書,せいせきしょうめいしょ,名詞,
基礎編,4,製造（会社）,せいぞう（がいしゃ）,名詞,
完成編,4,ぜいたく,ぜいたく,な形容詞,
基礎編,11,成長,せいちょう,動詞／名詞,
完成編,1,性的,せいてき,な形容詞,
基礎編,19,生徒,せいと,名詞,
基礎編,11,生年月日,せいねんがっぴ,名詞,
完成編,12,性能,せいのう,名詞,
完成編,4,整備,せいび,動詞／名詞,
基礎編,5,政府,せいふ,名詞,
基礎編,11,生物,せいぶつ,名詞,
基礎編,12,成分,せいぶん,名詞,
完成編,4,性別,せいべつ,名詞,
完成編,6,生命,せいめい,名詞,
基礎編,2,西洋,せいよう,名詞,
完成編,11,税率,ぜいりつ,名詞,
完成編,長文１,生理的,せいりてき,な形容詞,
完成編,０８聴解問題,セーフ,せーふ,名詞（カタ）,
基礎編,10,セールス,せーるす,名詞（カタ）,
基礎編,13,セールスマン,せーるすまん,名詞（カタ）,
基礎編,7,世界一,せかいいち,名詞,
基礎編,長文２,石炭,せきたん,名詞,
完成編,1,責任,せきにん,名詞,
完成編,1,セクハラ,せくはら,動詞／名詞（カタ）,
基礎編,8,せっかく,せっかく,副詞,
完成編,12,石器,せっき,名詞,
基礎編,10,積極的,せっきょくてき,な形容詞,
完成編,０７関連語,設計,せっけい,動詞／名詞,
完成編,9,赤血球,せっけっきゅう,名詞,
完成編,9,摂取,せっしゅ,動詞／名詞,
完成編,長文１,接する,せっする,動詞,
基礎編,20,セット,せっと,動詞／名詞（カタ）,目覚まし時計をセットする
完成編,会話１,説得,せっとく,動詞／名詞,
完成編,10,せつない,せつない,い形容詞,
完成編,10,せつなさ,せつなさ,名詞,
完成編,12,絶滅,ぜつめつ,動詞／名詞,
基礎編,7,節約,せつやく,動詞／名詞,
完成編,3,設立,せつりつ,動詞／名詞,
基礎編,2,背中,せなか,名詞,
基礎編,12,セネカ,せねか,名詞（固有）（カタ）,
完成編,9,迫る,せまる,動詞,
完成編,8,せめて,せめて,副詞,
完成編,2,攻める,せめる,動詞,
完成編,10,責める,せめる,動詞,
基礎編,12,せりふ,せりふ,名詞,
基礎編,20,全員,ぜんいん,名詞,
基礎編,8,前回,ぜんかい,名詞,
完成編,会話３,前期,ぜんき,名詞,
基礎編,12,選挙,せんきょ,名詞,
基礎編,6,センサー,せんさー,名詞（カタ）,
基礎編,4,選手,せんしゅ,名詞,
完成編,０５関連語,全身,ぜんしん,名詞,
完成編,2,先進国,せんしんこく,名詞,
基礎編,11,選択,せんたく,動詞／名詞,
完成編,０６聴解問題,選択肢,せんたくし,名詞,
基礎編,10,宣伝,せんでん,動詞／名詞,
完成編,8,先頭,せんとう,名詞,
完成編,10,先入観,せんにゅうかん,名詞,
基礎編,11,先輩,せんぱい,名詞,
基礎編,14,前半,ぜんはん,名詞　,
完成編,会話４,先方,せんぽう,名詞,
完成編,2,全面,ぜんめん,名詞,
基礎編,5,専門家,せんもんか,名詞,
基礎編,14,専門用語,せんもんようご,名詞,
基礎編,長文３,専用,せんよう,名詞,
完成編,8,全力,ぜんりょく,名詞,
完成編,11,～層,そう,接辞（接尾語）,低所得者層
完成編,長文１,沿う,そう,動詞,
完成編,7,添う,そう,動詞,
完成編,０９関連語,総当たり戦,そうあたりせん,名詞,
完成編,０４関連語,騒音,そうおん,名詞,
基礎編,13,増加,ぞうか,動詞／名詞,
完成編,長文２,総額,そうがく,名詞,
完成編,長文３,相関関係,そうかんかんけい,名詞,
完成編,長文２,早期,そうき,名詞,
完成編,11,早急に,そうきゅう／さっきゅう,副詞,
完成編,12,草原,そうげん,名詞,
基礎編,15,総合的,そうごうてき,な形容詞,
完成編,12,操作,そうさ,動詞／名詞,
基礎編,18,総菜,そうざい,名詞,
完成編,長文１,創作,そうさく,名詞,
完成編,8,装飾品,そうしょくひん,名詞,
基礎編,15,想像,そうぞ,動詞／名詞,
完成編,5,創造,そうぞう,動詞／名詞,
完成編,1,創造力,そうぞうりょく,名詞,
完成編,１１関連語,相続,そうぞく,動詞／名詞,
完成編,１１関連語,相続税,そうぞくぜい,名詞,
完成編,11,相対的,そうたいてき,な形容詞,
完成編,11,相談に乗る,そうだんにのる,慣用句,
基礎編,15,早朝,そうちょう,名詞,
基礎編,3,相当,そうとう,副詞,
完成編,長文１,騒動,そうどう,名詞,
完成編,０５関連語,遭難,そうなん,動詞／名詞,
完成編,7,総理大臣,そうりだいじん,名詞,
基礎編,3,送料,そうりょう,名詞,
完成編,7,添える,そえる,動詞,
完成編,2,測定,そくてい,動詞／名詞,
完成編,12,側面,そくめん,名詞,
完成編,2,そこで,そこで,接続詞,
完成編,3,素材,そざい,名詞,
完成編,０４関連語,組織,そしき,名詞,
完成編,9,素質,そしつ,名詞,
完成編,6,祖先,そせん,名詞,
完成編,０７関連語,そそっかしい,そそっかしい,い形容詞,
完成編,０４聴解問題,粗大ゴミ,そだいごみ,名詞,
基礎編,11,育つ,そだつ,動詞,
基礎編,2,そっくり,そっくり,な形容詞,
完成編,4,そっと,そっと,副詞,
完成編,11,備えあれば憂いなし,そなえあればうれいなし,慣用句（ことわざ）,
完成編,11,備える,そなえる,動詞,
基礎編,長文１,その辺,そのへん,名詞,観点
完成編,10,～そのもの,そのもの,名詞（複合）,
基礎編,1,そば,そば,名詞,側
基礎編,19,素朴,そぼく,な形容詞,
完成編,長文１,粗末,そまつ,な形容詞,
完成編,10,染める,そめる,動詞,
基礎編,16,そよそよ,そよそよ,副詞（擬態）,
基礎編,2,それぞれ,それぞれ,名詞,
基礎編,7,それでは,それでは,接続詞,→話題転換
基礎編,3,それでは,それでは,接続詞,それでは、なぜ～
完成編,6,それでも,それでも,接続詞,
完成編,3,それとも,それとも,接続詞,
基礎編,4,それなのに,それなのに,接続詞,
完成編,１０聴解問題,それはさておき,それはさておき,慣用句,
完成編,０３聴解問題,それはともかくとして,それはともかくとして,副詞（複合）,
完成編,6,それる,それる,動詞,
基礎編,20,そろう,そろう,動詞,
基礎編,20,そろえる,そろえる,動詞,
完成編,5,損,そん,名詞,
完成編,4,存在,そんざい,動詞／名詞,
完成編,会話６,尊重,そんちょう,動詞／名詞,
基礎編,14,～対～,たい,接辞（接尾語）,３対４
基礎編,14,～代,だい,接辞（助数詞）,２０代
基礎編,3,～代,だい,接辞（接尾語）,電気・ガス・水・電話代
基礎編,会話２,第○志望,だい～しぼう,名詞,第一志望
完成編,4,ダイオキシン,だいおきしん,名詞（カタ）,
基礎編,19,退学,たいがく,動詞／名詞,
基礎編,19,大学院生,だいがくいんせい,名詞,
基礎編,19,大学生,だいがくせい,名詞,
基礎編,長文２,大気（中）,たいきちゅう,名詞,
完成編,長文３,大規模,だいきぼ,な形容詞,
基礎編,17,退屈,たいくつ,な形容詞,
完成編,０２関連語,体型,たいけい,名詞,
基礎編,17,体験,たいけん,動詞／名詞,
基礎編,20,対向車,たいこうしゃ,名詞,
完成編,０９関連語,大差,たいさ,名詞,
完成編,4,対策,たいさく,名詞,
基礎編,19,大事,だいじ,な形容詞,
基礎編,13,たいしたこと,たいしたこと,名詞（複合）,
基礎編,17,たいしたもの,たいしたもの,名詞（複合）,
完成編,０３聴解問題,体質,たいしつ,名詞,
基礎編,14,（～に）対して,たいして,動詞（複合辞）,
完成編,１０聴解問題,大して,たいして,副詞,
基礎編,6,退社,たいしゃ,動詞／名詞,
基礎編,3,体重,たいじゅう,名詞,
完成編,8,体重計,たいじゅうけい,名詞,
完成編,3,大衆的,たいしゅうてき,な形容詞,
完成編,会話２,対処,たいしょ,動詞／名詞,
基礎編,14,対象,たいしょう,名詞,
完成編,０９関連語,退場,たいじょう,動詞／名詞,
完成編,3,対照的,たいしょうてき,な形容詞,
基礎編,11,退職,たいしょく,動詞／名詞,
基礎編,14,対する,たいする,動詞,→～に対して
基礎編,3,大成功,だいせいこう,名詞,
基礎編,17,大西洋,たいせいよう,名詞（固有）,
完成編,０６関連語,体積,たいせき,名詞,
完成編,０９関連語,対戦,たいせん,動詞／名詞,
完成編,8,体操,たいそう,動詞／名詞,
基礎編,会話２,タイトル,たいとる,名詞（カタ）,
完成編,8,体罰,たいばつ,名詞,
完成編,長文２,大半,たいはん,名詞,
基礎編,12,代表的,だいひょうてき,な形容詞,
基礎編,長文１,タイプ,たいぷ,名詞（カタ）,
基礎編,3,だいぶ,だいぶ,副詞,
基礎編,長文２,大部分,だいぶぶん,名詞,
基礎編,14,太平洋,たいへいよう,名詞（固有）,
完成編,11,逮捕,たいほ,動詞／名詞,
基礎編,5,タイムカプセル,たいむかぷせる,名詞（カタ）,
基礎編,13,題名,だいめい,名詞,
基礎編,長文１,タイヤ,たいや,名詞（カタ）,
完成編,2,平ら,たいら,な形容詞,
完成編,6,大陸,たいりく,名詞,
完成編,1,対立,たいりつ,動詞／名詞,
完成編,3,大量（に）,たいりょう（に）,名詞,
完成編,9,絶えず,たえず,副詞,
完成編,長文１,堪える,たえる,動詞,
完成編,10,耐える,たえる,動詞,
基礎編,2,倒す,たおす,動詞,→勝つ
基礎編,4,だが,だが,接続詞,
基礎編,20,互い,たがいに,副詞,
基礎編,9,高まる,たかまる,動詞,
基礎編,9,高める,たかめる,動詞　,
基礎編,9,だから,だから,接続詞,
基礎編,8,宝くじ,たからくじ,名詞,
完成編,11,宝物,たからもの,名詞,
基礎編,13,滝,たき,名詞,
基礎編,20,抱き合う,だきあう,動詞（複合動詞）,
基礎編,18,炊く,たく,動詞,
基礎編,4,確かに,たしかに,副詞,
完成編,会話２,多少,たしょう,副詞,
基礎編,7,足す,たす,動詞,
基礎編,6,～出す,だす,動詞（機能語）,→開始
完成編,2,多数決,たすうけつ,動詞／名詞,
基礎編,20,助け合う,たすけあう,動詞（複合動詞）,
基礎編,4,助ける,たすける,動詞,
基礎編,1,尋ねる,たずねる,動詞,
完成編,2,訪ねる,たずねる,動詞,
完成編,5,ただ,ただ,接続詞,ただ、・・・
基礎編,10,ただ,ただ,副詞,ただ～だけ
完成編,4,ただ,ただ,名詞,無料
完成編,8,ただいま,ただいま,名詞／副詞,只今
完成編,０９関連語,戦う,たたかう,動詞,
完成編,11,闘う,たたかう,動詞,
基礎編,8,たたく,たたく,動詞,
完成編,5,ただし,ただし,接続詞,
完成編,8,たたむ,たたむ,動詞,
基礎編,6,～たち,たち,接辞（接尾語）,～人たち、動物たち
完成編,1,立場,たちば,名詞,
完成編,4,たちまち,たちまち,副詞,
完成編,2,立ち寄る,たちよる,動詞（複合動詞）,
基礎編,5,たつ,たつ,動詞,時間がたつ
基礎編,9,建つ,たつ,動詞,
完成編,6,達する,たっする,動詞,
基礎編,9,達成,たっせい,動詞／名詞,
完成編,12,たった,たった,副詞,
基礎編,9,だって,だって,接続詞,
完成編,長文１,たっぷり,たっぷり,副詞,
基礎編,5,縦,たて,名詞,
基礎編,3,～建て,だて,接辞（接尾語）,３階建て
完成編,１１関連語,縦軸,たてじく,名詞,
基礎編,9,立てる,たてる,動詞,目標
基礎編,14,たとえ,たとえ,副詞,たとえ～ても
基礎編,12,たとえ,たとえ,名詞,
基礎編,4,例えば,たとえば,接続詞,
基礎編,12,たとえる,たとえる,動詞,
完成編,12,タネ,たね,名詞,
完成編,０３関連語,種,たね,名詞,
基礎編,長文３,頼もしい,たのもしい,い形容詞,
基礎編,12,旅,たび,名詞,
完成編,０３聴解問題,ＷＨＯ,だぶりゅーえっちおー,名詞（固有）,
完成編,会話４,だぶル,だぶる,動詞,
完成編,長文２,ダブルパンチ,だぶるぱんち,名詞（カタ）,
完成編,1,食べ放題,たべほうだい,名詞,
基礎編,13,食べ物屋,たべものや,名詞,
基礎編,17,だます,だます,動詞,
完成編,7,たまたま,たまたま,副詞,
完成編,1,たまらない,たまらない,い形容詞,
基礎編,16,たまる,たまる,動詞,
完成編,2,黙る,だまる,動詞,
完成編,会話１,ためらう,ためらう,動詞,
完成編,3,多様,たよう,な形容詞,
完成編,3,多様性,たようせい,名詞,
基礎編,長文３,頼りになる,たよりになる,動詞（複合動詞）,
完成編,3,頼る,たよる,動詞,
完成編,5,～だらけ,だらけ,接辞（機能語）,
完成編,０７関連語,だらしない,だらしない,い形容詞,
完成編,2,だるい,だるい,い形容詞,
完成編,8,タレント,たれんと,名詞（カタ）,
基礎編,2,タワー,たわー,名詞（カタ）,
基礎編,15,～段,だん,接辞（助数詞）,→柔道
完成編,6,単位,たんい,名詞,数の単位
完成編,11,段階的に,だんかいてきに,副詞,
完成編,1,短期間,たんきかん,名詞,
基礎編,4,単語,たんご,名詞,
基礎編,13,単純,たんじゅん,な形容詞,
基礎編,7,誕生,たんじょう,動詞／名詞,
完成編,9,炭水化物,たんすいかぶつ,名詞,
基礎編,14,団体（写真）,だんたいしゃしん,名詞,
基礎編,6,単調,たんちょう,な形容詞,
完成編,2,担当,たんとう,動詞／名詞,
基礎編,長文２,暖冬,だんとう,名詞,
完成編,6,単なる／単に,たんなる,連体詞／副詞,
完成編,9,たんぱく質,たんぱくしつ,名詞,
完成編,5,段ボール,だんぼーる,名詞（カタ）,
基礎編,13,男優,だんゆう,名詞,
基礎編,長文１,段落,だんらく,名詞,
完成編,3,団らん,だんらん,名詞,
完成編,8,地位,ちい,名詞,
基礎編,14,「チーズ」,ちーず,表現,→写真のとき
基礎編,長文２,知恵,ちえ,名詞,
完成編,3,チェーン店,ちぇーんてん,名詞（カタ）,
基礎編,2,チェス,ちぇす,名詞（カタ）,
完成編,8,誓い,ちかい,名詞,
基礎編,4,違い,ちがい,名詞,
基礎編,6,近い（将来）,ちかいしょうらい,い形容詞,
完成編,8,誓う,ちかう,動詞,
基礎編,18,～近く,ちかく,接辞（接尾語）,→くらい
完成編,7,近ごろ,ちかごろ,副詞,
基礎編,5,近づく,ちかづく,動詞,
完成編,10,近寄る,ちかよる,動詞（複合動詞）,
基礎編,長文２,地球,ちきゅう,名詞,
完成編,０５関連語,ちぎる,ちぎる,動詞,
基礎編,15,ちなみに,ちなみに,接続詞,
基礎編,16,地方,ちほう,名詞,
完成編,長文２,痴呆,ちほう,名詞,
基礎編,5,チャイム,ちゃいむ,名詞（カタ）,
基礎編,17,茶色っぽい,ちゃいろっぽい,い形容詞（複合）,
完成編,3,着実に,ちゃくじつに,副詞,
基礎編,長文４,ちゃんと,ちゃんと,副詞,
基礎編,14,中央　,ちゅうおう,名詞　,
基礎編,1,中華（料理）,ちゅうか（りょうり）,名詞,
完成編,０２関連語,中型,ちゅうがた,名詞,
基礎編,2,中級,ちゅうきゅう,名詞,
完成編,10,中継,ちゅうけい,動詞／名詞,
完成編,会話５,忠告,ちゅうこく,動詞／名詞,
基礎編,20,中古車,ちゅうこしゃ,名詞,
基礎編,16,中旬,ちゅうじゅん,名詞,
基礎編,12,抽象的,ちゅうしょうてき,な形容詞,
完成編,3,中途半端,ちゅうとはんぱ,な形容詞,
基礎編,6,～中に,ちゅうに,接辞（機能語）,今週中に
完成編,０８関連語,中日（辞典）,ちゅうにち（じてん）,名詞,
完成編,5,中年,ちゅうねん,名詞,
基礎編,長文２,注目,ちゅうもく,動詞／名詞,
基礎編,18,注文,ちゅうもん,動詞／名詞,
完成編,4,昼夜,ちゅうや,名詞,
完成編,会話２,駐輪場,ちゅうりんじょう,名詞,
完成編,０６関連語,聴解（試験）,ちょうかいしけん,名詞,
完成編,1,長期間,ちょうきかん,名詞,
完成編,1,長期的,ちょうきてき,な形容詞,
基礎編,13,調査,ちょうさ,動詞／名詞,
基礎編,6,長時間,ちょうじかん,名詞,
完成編,長文２,長寿（国）,ちょうじゅ（こく）,名詞,
基礎編,15,頂上,ちょうじょう,名詞,
完成編,11,徴税,ちょうぜい,動詞／名詞,
完成編,会話２,調節,ちょうせつ,動詞／名詞,
基礎編,7,挑戦,ちょうせん,動詞／名詞,
完成編,7,超能力,ちょうのうりょく,名詞,
完成編,１２関連語,鳥類,ちょうるい,名詞,
完成編,8,直後,ちょくご,名詞,
完成編,11,直接税,ちょくせつぜい,名詞,
完成編,9,直前,ちょくぜん,副詞,
完成編,12,直線的,ちょくせんてき,な形容詞,
完成編,12,直立,ちょくりつ,動詞／名詞,
完成編,11,直間比率,ちょっかんひりつ,名詞,
基礎編,5,直径,ちょっけい,名詞,
基礎編,6,ちょっとした,ちょっとした,い形容詞（複合）,
完成編,12,著名,ちょめい,な形容詞,
完成編,12,著名人,ちょめいじん,名詞,
完成編,2,散らかる,ちらかる,動詞,
基礎編,19,地理,ちり,名詞,
完成編,長文２,治療,ちりょう,動詞／名詞,
完成編,1,散る,ちる,動詞,
基礎編,4,チンパンジー,ちんぱんじー,名詞（カタ）,
基礎編,6,つい,つい,副詞,
完成編,1,ついこの間,ついこのあいだ,副詞（複合）,
完成編,3,追試験,ついしけん,名詞,
完成編,長文３,追跡,ついせき,動詞／名詞,
完成編,１１関連語,（～に）次いで,ついで,動詞（複合辞）,Ａに次いでＢが高い
基礎編,会話２,ついでに,ついでに　,副詞,
基礎編,18,ついに,ついに,副詞,
完成編,長文３,費やす,ついやす,動詞,
完成編,長文２,通院,つういん,動詞／名詞,
基礎編,4,通勤,つうきん,動詞／名詞,
完成編,8,通常,つうじょう,副詞,
基礎編,14,通じる,つうじる,動詞（～じる／ずる）,
完成編,1,通信,つうしん,動詞／名詞,
完成編,10,通知,つうち,名詞,
完成編,8,通帳,つうちょう,名詞,
基礎編,3,通訳,つうやく,動詞／名詞,
完成編,4,通話,つうわ,動詞／名詞,
基礎編,長文１,捕まえる,つかまえる,動詞,
完成編,０５関連語,つかむ,つかむ,動詞,
完成編,０６※,（～に）つき,つき,動詞（複合辞）,一人につき
基礎編,11,付き合う,つきあう,動詞（複合動詞）,
完成編,０５関連語,突き指,つきゆび,動詞／名詞,
完成編,7,つく,つく,動詞,運がつく
完成編,長文３,～尽くす,つくす,動詞（機能語）,→完了
完成編,2,造り,つくり,名詞,
完成編,3,作り上げる,つくりあげる,動詞（複合動詞）,
完成編,5,付け加える,つけくわえる,動詞（複合動詞）,
基礎編,18,つけ物,つけもの,名詞,
基礎編,20,伝え合う,つたえあう,動詞（複合動詞）,
完成編,1,伝わる,つたわる,動詞,
完成編,3,～つつ,つつ,接辞（機能語）,つつある
完成編,12,～つつ,つつ,接辞（機能語）,ながら
基礎編,6,～続ける,つづける,動詞（機能語）,→継続
完成編,長文２,努める,つとめる,動詞,
基礎編,9,つながる,つながる,動詞,
基礎編,9,つなぐ,つなぐ,動詞,
基礎編,9,つなげる,つなげる,動詞,
基礎編,16,津波,つなみ,名詞,
完成編,11,常々,つねづね,副詞,
完成編,8,～っぱなし,っぱなし,接辞（機能語）,
完成編,長文１,粒,つぶ,名詞,
完成編,2,つぶす,つぶす,動詞,
完成編,7,つぶやく,つぶやく,動詞,
完成編,2,つぶれる,つぶれる,動詞,
基礎編,17,～っぽい,っぽい,接辞（機能語）,白っぽい
基礎編,2,つま先,つまさき,名詞,
完成編,０５関連語,つまずく,つまずく,動詞,
基礎編,12,つまり,つまり,接続詞,
完成編,8,罪,つみ,名詞,
完成編,０３関連語,積み上げる,つみあげる,動詞（複合動詞）,
完成編,6,積み重ねる,つみかさねる,動詞（複合動詞）,
基礎編,10,積む,つむ,動詞,
基礎編,2,つめ,つめ,名詞,爪
完成編,5,詰め込む,つめこむ,動詞（複合動詞）,
完成編,5,詰める,つめる,動詞,
基礎編,14,つもる,つもる,動詞,雪がつもる
基礎編,16,梅雨,つゆ,名詞,
基礎編,16,梅雨明け,つゆあけ,名詞,
完成編,27,強火,つよび,名詞,
基礎編,9,強まる,つよまる,動詞,
基礎編,12,強み,つよみ,名詞,
基礎編,9,強める,つよめる,動詞,
基礎編,3,つらい,つらい,い形容詞,
完成編,7,～づらい,づらい,接辞（機能語）,
完成編,０７聴解問題,吊り橋,つりばし,名詞,
完成編,０５関連語,つる,つる,動詞,
基礎編,12,つるつる,つるつる,副詞（擬態）,
基礎編,11,出会う,であう,動詞,
完成編,11,低／中所得者,てい／ちゅうしょとくしゃ,名詞,
基礎編,会話８,提案,ていあん,動詞／名詞,
基礎編,2,ＤＫ,でぃーけー,名詞,１ＤＫ、２ＤＫ
完成編,０４関連語,ＤＰＥ,でぃーぴーいー,名詞,
完成編,7,低下,ていか,動詞／名詞,
完成編,11,定額,ていがく,名詞,
完成編,8,定義,ていぎ,動詞／名詞,
完成編,2,提供,ていきょう,動詞／名詞,
完成編,3,提出,ていしゅつ,動詞／名詞,
完成編,11,低所得者,ていしょとくしゃ,名詞,
基礎編,8,ディズニーランド,でぃずにーらんど,名詞（固有）（カタ）,
完成編,会話４,訂正,ていせい,動詞／名詞,
完成編,4,ティッシュ,てぃっしゅ,名詞（カタ）,
基礎編,3,程度,ていど,名詞,
完成編,4,低年齢化,ていねんれいか,動詞／名詞,
完成編,１１関連語,低迷,ていめい,動詞／名詞,
完成編,2,データ,でーた,名詞（カタ）,
基礎編,6,テーマ,てーま,名詞（カタ）,
基礎編,15,テーマパーク,てーまぱーく,名詞（カタ）,
完成編,会話４,手があく,てがあく,慣用句,
完成編,10,でかい,でかい,い形容詞,
基礎編,6,手が伸びる,てがのびる,慣用句,
完成編,3,手軽,てがる,な形容詞,
基礎編,7,出来上がる,できあがる,動詞,
完成編,9,適応,てきおう,動詞／名詞,
基礎編,5,出来事,できごと,名詞,
基礎編,13,適性,てきせい,名詞,
完成編,10,適切,てきせつ,な形容詞,
完成編,０２聴解問題,適度,てきど,な形容詞,
基礎編,19,適当に,てきとうに,副詞,
完成編,10,てきぱきと,てきぱきと,副詞（擬態）,
完成編,10,テクニック,てくにっく,名詞（カタ）,
基礎編,2,手首,てくび,名詞,
完成編,7,手ごろ,てごろ,な形容詞,
基礎編,11,デザート,でざーと,名詞（カタ）,
基礎編,13,デザイナー,でざいなー,名詞（カタ）,
完成編,12,手先,てさき,名詞,
完成編,9,手品,てじな,名詞,
基礎編,3,手数料,てすうりょう,名詞,
基礎編,4,ですけれども,ですけれども,接続詞,
完成編,０５関連語,手すり,てすり,名詞,
完成編,5,手助け,てだすけ,動詞／名詞,
完成編,０３関連語,でたらめ,でたらめ,な形容詞,
基礎編,12,哲学者,てつがくしゃ,名詞,
基礎編,19,哲学的,てつがくてき,な形容詞,
完成編,会話２,てっきり,てっきり,副詞,
基礎編,4,鉄道,てつどう,名詞,
基礎編,20,徹夜,てつや,動詞／名詞,
基礎編,18,手に入れる,てにいれる,慣用句,
基礎編,18,手に入る,てにはいる,慣用句,
完成編,会話４,手配,てはい,動詞／名詞,
完成編,2,デビュー,でびゅー,動詞／名詞（カタ）,
完成編,０２聴解問題,手間,てま,名詞,
基礎編,18,出前,でまえ,動詞／名詞,
完成編,1,出る杭は打たれる,でるくいはうたれる,慣用句（ことわざ）,
完成編,会話４,手分け,てわけ,動詞／名詞,
完成編,会話３,手をつける,てをつける,慣用句,
完成編,2,手を引く,てをひく,慣用句,
完成編,3,手を焼く,てをやく,慣用句,
基礎編,4,点,てん,名詞,→観点
基礎編,4,店員,てんいん,名詞,
完成編,会話６,展開,てんかい,動詞／名詞,
完成編,０３関連語,添加物,てんかぶつ,名詞,
基礎編,17,電球,でんきゅう,名詞,
完成編,8,電源,でんげん,名詞,
完成編,4,天候,てんこう,名詞,
基礎編,会話６,伝言,でんごん,動詞／名詞,
完成編,10,天才,てんさい,名詞,
基礎編,17,展示,てんじ,動詞／名詞,
完成編,０８関連語,電子辞書,でんしじしょ,名詞,
基礎編,3,展示場,てんじじょう,名詞,
基礎編,11,転職,てんしょく,動詞／名詞,
基礎編,11,天神様,てんじんさま,名詞（固有）,
基礎編,3,点数,てんすう,名詞,
完成編,12,伝達,でんたつ,動詞／名詞,
基礎編,20,電柱,でんちゅう,名詞,
完成編,4,店頭,てんとう,名詞,
完成編,会話２,電灯,でんとう,名詞,
完成編,3,伝統的,でんとうてき,な形容詞,
完成編,０３関連語,天然,てんねん,名詞,
基礎編,20,点滅,てんめつ,動詞／名詞,
基礎編,4,電力（会社）,でんりょくがいしゃ,名詞,
基礎編,長文２,～度,ど,接辞（接尾語）,→温度（２０度）
完成編,会話４※,問い合わせる,といあわせる,動詞,
完成編,1,問い掛ける,といかける,動詞（複合動詞）,
基礎編,2,～頭,とう,接辞（助数詞）,
完成編,11,当～,とう,接辞（接頭語）,当社
完成編,4,問う,とう,動詞,
基礎編,9,答案用紙,とうあんようし,名詞,
完成編,会話３,同意,どうい,動詞／名詞,
完成編,5,どうか,どうか,副詞,
基礎編,16,東海（地方）,とうかい,名詞（固有）,
完成編,会話６,同感,どうかん,名詞,
完成編,3,同期,どうき,名詞,
完成編,1,同居,どうきょ,動詞／名詞,
基礎編,8,東京タワー,とうきょうたわわー,名詞（固有）（カタ）,
完成編,6,東京ドーム,とうきょうどーむ,名詞（固有）（カタ）,
完成編,6,統計,とうけい,名詞,
完成編,会話３,同好会,どうこうかい,名詞,
完成編,2,動作,どうさ,動詞／名詞,
完成編,０２関連語,倒産,とうさん,動詞／名詞,
基礎編,5,当時,とうじ,名詞,
基礎編,20,～同士,どうし,接辞（接尾語）,運転手同士
完成編,8,どうしても,どうしても,副詞,
基礎編,9,同時に,どうじに,副詞,
完成編,11,当社,とうしゃ,名詞,
完成編,2,登場,とうじょう,動詞／名詞,
完成編,10,同情,どうじょう,動詞／名詞,
基礎編,10,どうしようもない,どうしようもない,い形容詞（複合）,
完成編,7,どうせ,どうせ,副詞,
完成編,０７関連語,同性,どうせい,名詞,
完成編,2,当選,とうせん,動詞／名詞,
基礎編,13,当然,とうぜん,な形容詞,
完成編,０１聴解問題,同窓（生／会）,どうそう（せい／かい）,名詞,
完成編,4,とうとう,とうとう,副詞,
完成編,０１聴解問題,堂々と,どうどうと,副詞,
完成編,9,道徳,どうとく,名詞,
完成編,2,盗難,とうなん,名詞,
完成編,4,導入,どうにゅう,動詞／名詞,
完成編,9,投票,とうひょう,動詞／名詞,
完成編,０３関連語,糖分,とうぶん,名詞,
基礎編,14,どうやら,どうやら,副詞,どうやら～ようだ
基礎編,2,東洋,とうよう,名詞,
基礎編,20,同様に,どうように,副詞,
基礎編,14,同僚,どうりょう,名詞,
基礎編,3,道路,どうろ,名詞,
完成編,4,登録,とうろく,動詞／名詞,
基礎編,7,遠く,とおく,名詞,
基礎編,1,通す,とおす,動詞,風を通す
完成編,０９関連語,トーナメント,とーなめんと,名詞（カタ）,
完成編,9,ドーピング,どーぴんぐ,名詞（カタ）,
基礎編,3,ドーム球場,どーむきゅうじょう,名詞（カタ）,
基礎編,18,～どおり,どおり,接辞（機能語）,
完成編,8,ドーン,どーん,副詞（擬音）,
基礎編,会話１,都会,とかい,名詞,
基礎編,17,どきっと,どきっと,副詞,
基礎編,14,どきどき,どきどき,副詞（擬態）,
完成編,10,解き放す,ときはなす,動詞（複合動詞）,
基礎編,5,ドキュメンタリー,どきゅめんたりー,名詞（カタ）,
完成編,長文２,解く,とく,動詞,
基礎編,14,得意,とくい,な形容詞,
完成編,3,独自,どくじ,名詞,
基礎編,17,特殊,とくしゅ,な形容詞,
基礎編,5,特集,とくしゅう,動詞／名詞,
基礎編,11,読書,どくしょ,動詞／名詞,
基礎編,長文１,特徴,とくちょう,動詞／名詞,
完成編,4,特定,とくてい,動詞／名詞,
完成編,7,独特,どくとく,な形容詞,
基礎編,12,とげ,とげ,名詞,
基礎編,長文２,溶ける　,とける,動詞,
基礎編,長文４,どこも,どこも,名詞,全ての場所
基礎編,2,ところ,ところ,名詞,箇所
基礎編,4,ところが,ところが,接続詞,
基礎編,15,登山,とざん,動詞／名詞,
基礎編,19,年,とし,名詞,年齢
基礎編,11,都市,とし,名詞,
完成編,12,閉じ込める,とじこめる,動詞（複合動詞）,
基礎編,長文３,とじこもる,とじこもる,動詞,
完成編,4,土壌,どじょう,名詞,
基礎編,3,年寄り,としより,名詞,
基礎編,5,都心,としん,名詞,
完成編,8,～とたん,とたん,接辞（機能語）,
基礎編,6,途中,とちゅう,名詞,
基礎編,14,どちらかと言うと,どちらかというと,副詞（複合）,
基礎編,14,どちらかと言えば,どちらかといえば,副詞（複合）,
完成編,０４聴解問題,どちらにしても,どちらにしても,副詞（複合）,
基礎編,15,読解,どっかい,名詞,
完成編,11,とっくに,とっくに,副詞,
完成編,長文１,突然,とつぜん,副詞,
完成編,8,どっと,どっと,副詞,
基礎編,18,トップ,とっぷ,名詞（カタ）,
基礎編,7,とても（～ない）,とても,副詞,とても～ない
完成編,3,～届,とどけ,接辞（接尾語）,欠席届
完成編,8,整う,ととのう,動詞,
完成編,8,整える,ととのえる,動詞,
完成編,3,怒鳴る,どなる,動詞,
基礎編,15,とにかく,とにかく,副詞,
基礎編,7,飛ばす,とばす,動詞,
基礎編,10,跳び上がる,とびあがる,動詞（複合動詞）,
基礎編,10,飛び出す,とびだす,動詞（複合動詞）,
完成編,１１関連語,飛び抜けて,とびぬけて,副詞,
完成編,2,飛び回る,とびまわる,動詞（複合動詞）,
基礎編,7,飛ぶ,とぶ,動詞,
完成編,０５関連語,跳ぶ,とぶ,動詞,
基礎編,19,土木（工学）,どぼく（こうがく）,名詞,
完成編,4,伴う,ともなう,動詞,
基礎編,長文３,共に,ともに,副詞,～とともに
完成編,1,（～と）ともに,ともに,副詞（複合）,
基礎編,2,トラ,とら,名詞,虎
完成編,7,捉える,とらえ,動詞,
完成編,０８関連語,取り～,とり,接辞（接頭語）,
完成編,4,とりあえず,とりあえず,副詞,
完成編,０３関連語,取り上げる（２）,とりあげる,動詞（複合動詞）,
完成編,０３関連語,取り上げる（１）,とりあげる（１）,動詞（複合動詞）,
完成編,10,取扱説明書,とりあつかいせつめいしょ,名詞,
完成編,０８関連語,取り扱う,とりあつかう,動詞（複合動詞）,
完成編,3,取り入れる,とりいれる,動詞（複合動詞）,
完成編,０８関連語,取り返しがつかない,とりかえしがつかない,慣用句,
完成編,０８関連語,取り返す,とりかえす,動詞（複合動詞）,
完成編,会話３,取りかかる,とりかかる,動詞（複合動詞）,
完成編,7,取り組み,とりくみ,名詞,
完成編,7,取り組む,とりくむ,動詞（複合動詞）,
完成編,０８関連語,取り消す,とりけす,動詞（複合動詞）,
基礎編,20,取り締まり,とりしまり,名詞,
完成編,長文１,取り出す,とりだす,動詞（複合動詞）,
完成編,1,取り立てる,とりたてる,動詞（複合動詞）,
基礎編,17,トリックアート,とりっくあーと,名詞（カタ）,
完成編,０８関連語,取り付ける,とりつける,動詞（複合動詞）,
完成編,０８関連語,取り除く,とりのぞく,動詞（複合動詞）,
完成編,０８関連語,取り外す,とりはずす,動詞（複合動詞）,
完成編,０８関連語,取り戻す,とりもどす,動詞（複合動詞）,
基礎編,長文２,努力,どりょく,動詞／名詞,
基礎編,11,採る,とる,動詞,きのこを通す
基礎編,9,ドル,どる,名詞（カタ）,＄
基礎編,9,トレーニング,とれーにんぐ,動詞／名詞（カタ）,
基礎編,4,ドレス,どれす,名詞（カタ）,
基礎編,17,どれも,どれも,名詞,→全部
完成編,5,泥,どろ,名詞,
完成編,4,（～を）問わず,とわず,動詞（機能語）,
完成編,０６関連語,トン,とん,名詞（単位）,
基礎編,長文３,とんでもない,とんでもない,い形容詞,
基礎編,12,どんどん,どんどん,副詞,
完成編,4,内外,ないがい,名詞,
基礎編,2,内容,ないよう,名詞,
完成編,7,なお,なお,接続詞,
完成編,9,なおさら,なおさら,副詞,
完成編,長文２,長生き,ながいき,動詞／名詞,
基礎編,4,流す,ながす,動詞,
基礎編,長文２,長そで,ながそで,名詞,
基礎編,19,長旅,ながたび,名詞,
完成編,8,長年,ながねん,名詞,
完成編,０２関連語,長引く,ながびく,動詞,
完成編,3,仲間,なかま,名詞,
基礎編,5,中身,なかみ,名詞,
完成編,4,眺め,ながめ,名詞,
完成編,5,眺める,ながめる,動詞,
基礎編,2,中指,なかゆび,名詞,
基礎編,15,仲良く,なかよく,副詞,
基礎編,13,流れ,ながれ,名詞,川の流れ、車の流れ
基礎編,3,流れる,ながれる,動詞,川、放送が流れる
完成編,０２聴解,鳴き声,なきごえ,名詞,
基礎編,6,鳴く,なく,動詞,
完成編,会話５,慰める,なぐさめる,動詞,
基礎編,19,亡くす,なくす,動詞,
基礎編,20,なぐり合う,なぐりあう,動詞（複合動詞）,
基礎編,6,なぐる,なぐる,動詞,
完成編,１０聴解問題,投げ入れる,なげいれる,動詞（複合動詞）,
完成編,8,嘆く,なげく,動詞,
完成編,11,投げ出す,なげだす,動詞（複合動詞）,
完成編,7,投げやり,なげやり,な形容詞,
完成編,6,情けない,なさけない,い形容詞,
完成編,6,なじみ,なじみ,名詞,
完成編,7,成す,なす,動詞,成し得ない
完成編,2,謎,なぞ,名詞,
基礎編,13,懐かしい,なつかしい,い形容詞,
完成編,１２関連語,懐かしむ,なつかしむ,動詞,
基礎編,3,納豆,なっとう,名詞,
基礎編,19,納得,なっとく,動詞／名詞,
基礎編,6,夏休み,なつやすみ,名詞,
基礎編,17,斜め,ななめ,名詞,
完成編,3,何気なく,なにげなく,副詞,
完成編,11,なにしろ,なにしろ,副詞,
完成編,会話５,何より,なにより,副詞,
基礎編,11,何よりも,なによりも,副詞,
基礎編,18,生,なま,名詞,
完成編,０７関連語,生意気,なまいき,な形容詞,
完成編,会話４,怠ける,なまける,動詞,
基礎編,18,生卵,なまたまご,名詞,
完成編,長文３,生身,なまみ,名詞,
完成編,11,～並み,なみ,接辞（接尾語）,
基礎編,11,悩み,なやみ,名詞,
基礎編,11,悩む,なやむ,動詞,
基礎編,20,鳴らす,ならす,動詞,
完成編,5,～なり,なり,接辞（機能語）,彼なり
完成編,長文２,成り立つ,なりたつ,動詞（複合動詞）,
基礎編,6,鳴る,なる,動詞,
完成編,０５聴解問題,なるべく,なるべく,副詞,
基礎編,8,なるほど,なるほど,間投詞,
完成編,7,難易度,なんいど,名詞,
完成編,会話５,なんか,なんか,副詞,→なんとなく
基礎編,長文２,南極,なんきょく,名詞,
完成編,会話５,なんだか,なんだか,副詞,→なんとなく
基礎編,11,何でもない,なんでもない,い形容詞（複合）,
完成編,6,なんと,なんと,副詞,
完成編,０２聴解問題,何と言っても,なんといっても,副詞（複合）,
完成編,2,なんとか,なんとか,副詞,
基礎編,4,なんとかする,なんとかする,動詞（複合動詞）,
基礎編,4,なんとかなる,なんとかなる,動詞（複合動詞）,なんとかなりませんか
基礎編,1,なんとなく,なんとなく,副詞,
完成編,０６聴解問題,何とも,なんとも,副詞,何とも言えない
完成編,7,南米,なんべい,名詞,
基礎編,16,南北,なんぼく,名詞,
完成編,長文３,なんらか,なんらか,連体詞,
基礎編,18,似合う,にあう,動詞,
基礎編,長文１,似顔絵,にがおえ,名詞,
基礎編,14,苦手,にがて,な形容詞,
基礎編,12,苦み,にがみ,名詞,
基礎編,2,握りこぶし,にぎりこぶし,名詞,
基礎編,2,握る,にぎる,動詞,
完成編,4,にぎわう,にぎわう,動詞,
完成編,１２関連語,憎い,にくい,い形容詞,
完成編,7,肉食,にくしょく,名詞,
完成編,１２関連語,憎む,にくむ,動詞,
完成編,１２関連語,憎らしい,にくらしい,い形容詞,
基礎編,14,にこにこ,にこにこ,副詞（擬態）,
完成編,11,煮込む,にこむ,動詞（複合動詞）,
完成編,０４関連語,濁る,にごる,動詞,
基礎編,長文２,二酸化炭素,にさんかたんそ,名詞,
完成編,０３聴解,二乗,にじょう,名詞,
基礎編,18,偽物,にせもの,名詞,
完成編,2,二足,にそく,名詞,
完成編,０８関連語,日韓（辞典）,にっかん（じてん）,名詞,
完成編,０５聴解問題,荷造り,にづくり,動詞／名詞,
完成編,０８関連語,日中（辞典）,にっちゅう（じてん）,名詞,
完成編,長文１,二度と,にどと,副詞,
完成編,10,担う,になう,動詞,
基礎編,14,日本海,にほんかい,名詞（固有）　,
基礎編,1,日本酒,にほんしゅ,名詞,
基礎編,2,日本中,にほんじゅう,名詞,
基礎編,14,にやにや,にやにや,副詞（擬態）,
完成編,6,ニュアンス,にゅあんす,名詞（カタ）,
基礎編,20,入学金,にゅうがくきん,名詞,
基礎編,11,入社,にゅうしゃ,動詞／名詞,
基礎編,11,入社式,にゅうしゃしき,名詞,
完成編,8,入賞,にゅうしょう,動詞／名詞,
基礎編,8,入場者,にゅうじょうしゃ,名詞,
基礎編,3,入場料,にゅうじょうりょう,名詞,
基礎編,2,似る,にる,動詞,
基礎編,18,煮る,にる,動詞,
基礎編,4,人間,にんげん,名詞,
完成編,１０聴解問題,人情,にんじょう,名詞,
完成編,7,認知,にんち,動詞／名詞,
基礎編,17,～人前,にんまえ,接辞（助数詞）,
完成編,０６関連語,抜き取る,ぬきとる,動詞（複合動詞）,
完成編,０６関連語,抜く,ぬく,動詞,
基礎編,20,盗む,ぬすむ,動詞,
基礎編,2,布,ぬの,名詞,
完成編,０９関連語,塗り替える,ぬりかえる,動詞（複合動詞）,
基礎編,17,塗る,ぬる,動詞,
基礎編,17,値上がり,ねあがり,動詞／名詞,
完成編,9,ネイティブ,ねいてぃぶ,名詞（カタ）,
基礎編,17,値下がり,ねさがり,動詞／名詞,
基礎編,2,ねずみ,ねずみ,名詞,
完成編,１０聴解問題,ねた,ねた,名詞,
完成編,長文２,寝たきり,ねたきり,名詞,
完成編,会話５,熱意,ねつい,名詞,
基礎編,8,ネックレス,ねっくれす,名詞（カタ）,
完成編,11,根強い,ねづよい,い形容詞,
完成編,10,ねらう,ねらう,動詞,
完成編,1,年賀状,ねんがじょう,名詞,
完成編,3,年功序列,ねんこうじょれつ,名詞,
基礎編,16,～年代,ねんだい,接辞（助数詞）,
完成編,4,年俸制,ねんぽうせい,名詞,
基礎編,3,年末,ねんまつ,名詞,
基礎編,19,年齢,ねんれい,名詞,
完成編,12,脳,のう,名詞,
基礎編,4,農業,のうぎょう,名詞,
完成編,11,納税,のうぜい,名詞,
完成編,11,納税者,のうぜいしゃ,名詞,
完成編,長文２,脳卒中,のうそっちゅう,名詞,
基礎編,長文２,濃度,のうど,名詞,
完成編,０３関連語,農薬,のうやく,名詞,
完成編,1,能力,のうりょく,名詞,
完成編,０２関連語,ノート型,のーとがた,名詞（カタ）,
完成編,０９関連語,逃す,のがす,動詞,
基礎編,7,残す,のこす,動詞,
基礎編,4,乗せる,のせる,動詞,
基礎編,7,載せる,のせる,動詞,
基礎編,長文４,のぞく,のぞく,動詞,覗く
完成編,０８関連語,除く,のぞく,動詞,
完成編,11,望ましい,のぞましい,い形容詞,
完成編,11,望み,のぞみ,名詞,
完成編,2,臨む,のぞむ,動詞,
完成編,6,望む,のぞむ,動詞,
完成編,7,後ほど,のちほど,副詞,
完成編,０６関連語,乗っ取る,のっとる,動詞（複合動詞）,
基礎編,5,伸ばす,のばす,動詞,
基礎編,5,延ばす,のばす,動詞,
基礎編,11,野原,のはら,名詞,
基礎編,5,伸びる,のびる,動詞,
基礎編,5,延びる,のびる,動詞,
完成編,2,述べる,のべる,動詞,
基礎編,3,上る,のぼる,動詞,階段を上る
完成編,4,のみ,のみ,助詞,
基礎編,18,のり,のり,名詞,海苔
完成編,2,乗り越える,のりこえる,動詞（複合動詞）,
基礎編,20,乗り過ごす,のりすごす,名詞,
基礎編,7,載る,のる,動詞,本に載る
完成編,０７関連語,のろい,のろい,い形容詞,
基礎編,10,のんき,のんき,な形容詞,
基礎編,11,のんびり,のんびり,副詞,
完成編,3,把握,はあく,動詞／名詞,
基礎編,6,バーゲンセール,ばーげんせーる,名詞（カタ）,
基礎編,3,％（パーセント）,ぱーせんと,名詞（カタ）,
基礎編,長文３,パートナー,ぱーとなー,名詞（カタ）,
基礎編,長文１,（～）倍,ばい,名詞,２倍、３倍
基礎編,1,灰色,はいいろ,名詞,
基礎編,16,梅雨,ばいう,名詞,
完成編,０４関連語,排気ガス,はいきがす,名詞（カタ）,
完成編,０４関連語,廃棄物,はいきぶつ,名詞,
基礎編,会話８,バイキング,ばいきんぐ,名詞（カタ）,
基礎編,1,バイク,ばいく,名詞（カタ）,
完成編,1,背景,はいけい,名詞,
完成編,０６関連語,ハイジャック,はいじゃっく,動詞／名詞（カタ）,
完成編,０９関連語,敗者復活戦,はいしゃふっかつせん,名詞,
完成編,０４関連語,排水,はいすい,名詞,
基礎編,4,ハイテク（産業）,はいてく（さいぎょう）,名詞（カタ）,
基礎編,13,俳優,はいゆう,名詞,
完成編,０５関連語,はう,はう,動詞,赤ちゃんがはう
基礎編,長文１,生える,はえる,動詞,ひげ、かびが生える
基礎編,長文３,墓,はか,名詞,
基礎編,長文２,ばか,ばか,名詞／な形容詞,
完成編,０４関連語,破壊,はかい,動詞／名詞,
基礎編,長文４,はがす,はがす,動詞,
完成編,6,はかない,はかない,い形容詞,
完成編,6,はかさな,はかなさ,名詞,
基礎編,11,ばからしい,ばからしい,い形容詞,
基礎編,20,～泊～日,はく～か,表現,
基礎編,19,博士課程,はくしかてい,名詞,
基礎編,7,拍手,はくしゅ,動詞／名詞,
完成編,０２関連語,爆発,ばくはつ,動詞／名詞,
完成編,9,迫力,はくりょく,名詞,
基礎編,7,激しい,はげしい,い形容詞,
完成編,会話５,励ます,はげます,動詞,
完成編,０３聴解問題,励む,はげむ,動詞,
基礎編,20,ハザードランプ,はざーどらんぷ,名詞（カタ）,
完成編,11,端,はし,名詞,
完成編,１２関連語,恥,はじ,名詞,
完成編,長文２,（～て）はじめて,はじめて,動詞（複合辞）,
基礎編,3,初めは,はじめは,副詞,
基礎編,6,～始める,はじめる,動詞（機能語）,→開始
完成編,長文３,走り回る,はしりまわる,動詞（複合動詞）,
基礎編,13,バスケットボール,ばすけっとぼーる,名詞（カタ）,
基礎編,8,はずれる,はずれる,動詞,予想がはずれる
基礎編,12,肌,はだ,名詞,
完成編,7,パターン,ぱたーん,名詞（カタ）,
基礎編,15,畑,はたけ,名詞,
完成編,5,裸足,はだし,名詞,
完成編,4,果たして,はたして,副詞,
基礎編,14,働き,はたらき,名詞,
完成編,０１関連語,働きかける,はたらきかける,動詞（複合動詞）,
完成編,０５関連語,はち,はち,名詞,蜂
完成編,長文１,バチ,ばち,名詞,罰
完成編,長文１,バチが当たる,ばちがあたる,慣用句,
完成編,１２関連語,は虫類,はちゅうるい,名詞,
完成編,7,発揮,はっき,動詞／名詞,
基礎編,9,はっきりする,はっきりする,動詞（複合動詞）,
完成編,5,パッケージツアー,ぱっけーじつあー,名詞（カタ）,
完成編,9,発言,はつげん,動詞／名詞,
完成編,3,発行,はっこう,動詞／名詞,
基礎編,長文２,発生,はっせい,動詞／名詞,
完成編,11,発想,はっそう,動詞／名詞,
完成編,０１関連語,発達,はったつ,動詞／名詞,
基礎編,20,発展,はってん,動詞／名詞,
完成編,会話３,発電機,はつでんき,名詞,
完成編,2,発売,はつばい,動詞／名詞,
完成編,11,発泡酒,はっぽうしゅ,名詞,
基礎編,14,派手,はで,な形容詞,
完成編,3,ばてる,ばてる,動詞,
基礎編,2,はと,はと,名詞,鳩
基礎編,2,鼻,はな,名詞,
基礎編,20,話し合う,はなしあう,動詞（複合動詞）,
基礎編,会話２,話しかける,はなしかける,動詞（複合動詞）,
基礎編,2,放す,はなす,動詞,
基礎編,長文１,バナナ,ばなな,名詞（カタ）,
基礎編,19,離れる,はなれる,動詞,
基礎編,12,羽,はね,名詞,
完成編,０５関連語,跳ねる,はねる,動詞,
基礎編,5,幅,はば,名詞,
完成編,3,幅広い,はばひろい,い形容詞,
基礎編,12,はまる,はまる,動詞,
基礎編,10,場面,ばめん,名詞,
基礎編,2,腹,はら,名詞,
基礎編,12,バラ,ばら,名詞,薔薇
完成編,１０聴解問題,バラエティ,ばらえてぃ,名詞（カタ）,
基礎編,6,腹が立つ,はらがたつ,慣用句,
完成編,1,パラサイト,ぱらさいと,名詞（カタ）,
完成編,長文３,晴らす,はらす,動詞,
完成編,０５関連語,原っぱ,はらっぱ,名詞,
基礎編,14,はらはら,はらはら,副詞（擬態）,
基礎編,16,ぱらぱら,ぱらぱら,副詞（擬態）,
完成編,6,バランス,ばらんす,名詞（カタ）,
完成編,3,張り紙,はりがみ,名詞,
完成編,０６聴解,張り付ける,はりつける,動詞（複合動詞）,
完成編,会話５,ばりばり,ばりばり,副詞（擬態）,
完成編,6,はるか,はるか,副詞,
基礎編,13,パレード,ぱれーど,動詞／名詞（カタ）,
基礎編,13,バレーボール,ばれーぼーる,名詞（カタ）,
完成編,8,ばれる,ばれる,動詞,
完成編,長文３,～版,ばん,接辞（接尾語）,新聞の東京版
完成編,2,範囲,はんい,名詞,
完成編,12,繁栄,はんえい,動詞／名詞,
完成編,０１関連語,ハンガー,はんがー,名詞（カタ）,
基礎編,7,半額,はんがく,名詞,
完成編,7,パンク,ぱんく,動詞／名詞（カタ）,
基礎編,5,半径,はんけい,名詞,
完成編,11,反抗,はんこう,動詞／名詞,
完成編,12,反抗期,はんこうき,名詞,
完成編,11,反抗的,はんこうてき,な形容詞,
基礎編,5,万国博覧会,ばんこくはくらんかい,名詞,
完成編,1,晩婚化,ばんこんか,名詞,
完成編,1,犯罪,はんざい,名詞,
基礎編,18,反する,はんする,動詞,
完成編,2,反省,はんせい,動詞／名詞,
完成編,０９関連語,反則,はんそく,動詞／名詞,
基礎編,長文２,半そで,はんそで,名詞,
基礎編,2,パンダ,ぱんだ,名詞,
基礎編,8,反対に,はんたいに,副詞,
基礎編,9,判断,はんだん,動詞／名詞,
完成編,長文３,判断を下す,はんだんをくだす,慣用句,
完成編,会話４,班長,はんちょう,名詞,
完成編,1,判定,はんてい,動詞／名詞,
基礎編,4,ハンドル,はんどる,名詞（カタ）,
基礎編,長文１,犯人,はんにん,名詞,
基礎編,長文３,反応,はんのう,動詞／名詞,
完成編,5,万能,ばんのう,名詞,
基礎編,長文１,ハンバーガー,はんばーがー,名詞（カタ）,
完成編,4,販売,はんばい,動詞／名詞,
完成編,長文１,販売店,はんばいてん,名詞,
完成編,10,反論,はんろん,動詞／名詞,
基礎編,3,～費,ひ,接辞（接尾語）,生活費
基礎編,14,日当り,ひあたり,名詞,
完成編,０４関連語,ＢＳ,びーえす,名詞,
完成編,１１関連語,ピーク,ぴーく,名詞（カタ）,
完成編,2,ヒーロー,ひーろー,名詞（カタ）,
完成編,10,冷える,ひえる,動詞,
基礎編,9,被害,ひがい,名詞,
完成編,8,被害者,ひがいしゃ,名詞,
基礎編,会話８,日帰り,ひがえり,名詞,
完成編,０２※,比較,ひかく,動詞／名詞,
基礎編,12,光,ひかり,名詞,
基礎編,10,悲観的,ひかんてき,な形容詞,
基礎編,2,～匹,ひき,接辞（助数詞）,
完成編,4,～引き,びき,接辞（接尾語）,３割引の商品
完成編,０３関連語,引き上げる,ひきあげる,動詞（複合動詞）,
基礎編,19,引き受ける,ひきうける,動詞（複合動詞）,
完成編,０４関連語,引き起こす,ひきおこす,動詞（複合動詞）,
完成編,１０関連語,引換券,ひきかえけん,名詞,
完成編,10,引き返す,ひきかえす,動詞（複合動詞）,
完成編,10,引き下がる,ひきさがる,動詞（複合動詞）,
完成編,11,引き下げる,ひきさげる,動詞（複合動詞）,
完成編,1,引き出す,ひきだす,動詞（複合動詞）,
完成編,5,ひきつける,ひきつける,動詞（複合動詞）,
完成編,０４聴解問題,引き取る,ひきとる,動詞（複合動詞）,
完成編,０４関連語,引き伸ばす,ひきのばす,動詞（複合動詞）,
完成編,8,引き分ける,ひきわける,動詞（複合動詞）,
基礎編,7,引く,ひく,動詞,引き算
基礎編,6,ひく,ひく,動詞,車が人をひく
基礎編,10,引く,ひく,動詞,辞書を引く
完成編,10,びくびく,びくびく,副詞（擬態）,
基礎編,長文１,ひげ,ひげ,名詞,
完成編,9,否決,ひけつ,動詞／名詞,
基礎編,長文３,日ごろ,ひごろ,名詞,
基礎編,2,ひざ,ひざ,名詞,
基礎編,7,ピザ,ぴざ,名詞（カタ）,
完成編,長文３,久しい,ひさしい,い形容詞,
完成編,9,ピサの斜塔,ぴさのしゃとう,名詞（固有）,
完成編,12,悲惨,ひさん,な形容詞,
基礎編,2,ひじ,ひじ,名詞,
完成編,11,比重,ひじゅう,名詞,
基礎編,17,美術館,びじゅつかん,名詞,
基礎編,3,非常に,ひじょうに,副詞,
基礎編,6,非常ベル,ひじょうべる,名詞（カタ）,
基礎編,2,額,ひたい,名詞,
基礎編,17,ビタミンＣ,びたみんしー,名詞（カタ）,
完成編,０１関連語,引っかかる,ひっかかる,動詞（複合動詞）,
完成編,０１関連語,引っかける,ひっかける,動詞（複合動詞）,
基礎編,4,筆記（試験）,ひっきしけん,名詞,
完成編,０５関連語,引っくり返す,ひっくりかえす,動詞（複合動詞）,
完成編,０５関連語,ひっくり返る,ひっくりかえる,動詞,
基礎編,8,ヒット,ひっと　,動詞／名詞（カタ）,
完成編,5,引っ張る,ひっぱる,動詞（複合動詞）,
完成編,6,必要性,ひつようせい,名詞,
完成編,1,否定,ひてい,動詞／名詞,
完成編,6,否定的,ひていてき,な形容詞,
基礎編,15,一安心,ひとあんしん,動詞／名詞,
完成編,9,人一倍,ひといちばい,副詞（複合）,
基礎編,10,ひどい目にあう,ひどいめにあう,慣用句,
完成編,7,一口,ひとくち,名詞,
完成編,2,一言,ひとこと,名詞,
基礎編,2,人指し指,ひとさしゆび,名詞,
基礎編,6,～人たち,ひとたち,名詞,
基礎編,6,一晩中,ひとばんじゅう,名詞,
完成編,11,人任せ,ひとまかせ,名詞,
基礎編,19,一人暮らし,ひとりぐらし,名詞,
完成編,6,独り言,ひとりごと,名詞,
完成編,長文１,皮肉,ひにく,名詞／な形容詞,
完成編,０５関連語,ひねる,ひねる,動詞,
基礎編,15,日の出,ひので,名詞,
完成編,1,批判,ひはん,動詞／名詞,
完成編,9,日々,ひび,名詞,
完成編,０３聴解問題,肥満,ひまん,名詞,
完成編,０８関連語,百科事典,ひゃっかじてん,名詞,
基礎編,16,ビュービュー,びゅーびゅー,副詞（擬音）,
完成編,１０関連語,ビュッフェ,びゅっふぇ,名詞（カタ）,
完成編,9,（～）票,ひょう,名詞,
完成編,1,評価,ひょうか,動詞／名詞,
完成編,０８関連語,表記,ひょうき,動詞／名詞,
基礎編,長文１,表現,ひょうげん,動詞／名詞,
基礎編,3,表示,ひょうじ,動詞／名詞,
基礎編,13,美容師,びようし,名詞,
完成編,０９関連語,表彰,ひょうしょう,動詞／名詞,
完成編,０９関連語,表彰台,ひょうしょうだい,名詞,
完成編,０６関連語,秒速,びょうそく,名詞,
基礎編,16,平等,びょうどう,な形容詞,
完成編,０３関連語,肥料,ひりょう,名詞,
完成編,5,披露宴,ひろうえん,名詞,
基礎編,15,広がる,ひろがる,動詞,
基礎編,15,広げる,ひろげる,動詞,
基礎編,9,広まる,ひろまる,動詞,
基礎編,9,広める,ひろめる,動詞,
基礎編,1,ピンク,ぴんく,名詞（カタ）,
基礎編,4,品質,ひんしつ,名詞,
完成編,9,ピンチ,ぴんち,名詞（カタ）,
完成編,6,ぴんとくる,ぴんとくる,慣用句,
完成編,長文２,ぴんぴん,ぴんぴん,副詞（擬態）,
完成編,０２ｊ関連語,不～,ふ,接辞（接頭語）,
完成編,3,ファーストフード,ふぁーすとふーど,名詞（カタ）,
基礎編,14,無愛想,ぶあいそう,な形容詞,
完成編,０９関連語,ファウル,ふぁうる,動詞／名詞（カタ）,
完成編,3,ファミリーレストラン,ふぁみりーれすとらん,名詞（カタ）,
基礎編,13,不安,ふあん,な形容詞,
完成編,2,不安定,ふあんてい,な形容詞,
完成編,１２聴解問題,フィードバック,ふぃーどばっく,動詞／名詞（カタ）,
完成編,5,フィールドアスレチック,ふぃーるどあすれちっく,名詞（カタ）,
完成編,０２関連語,不一致,ふいっち,名詞,
基礎編,長文３,～ふう　,ふう,名詞（機能語）,こんなふう
基礎編,長文４,風景,ふうけい,名詞,
完成編,8,風刺,ふうし,名詞,
基礎編,6,夫婦,ふうふ,名詞,
完成編,3,ブーム,ぶーむ,名詞（カタ）,
完成編,9,フェアプレー,ふぇあぷれー,名詞（カタ）,
完成編,2,フェスティバル,ふぇすてぃばる,名詞（カタ）,
完成編,０２関連語,不可,ふか,名詞,
基礎編,20,不快,ふかい,な形容詞,
完成編,2,不可欠,ふかけつ,な形容詞,
完成編,０２関連語,不可能,ふかのう,な形容詞,
基礎編,9,深まる,ふかまる,動詞,
基礎編,12,深み,ふかみ,名詞,
基礎編,9,深める,ふかめる,動詞,
完成編,０２関連語,不完全,ふかんぜん,な形容詞,
完成編,０２関連語,不機嫌,ふきげん,な形容詞,
完成編,1,普及,ふきゅう,動詞／名詞,
完成編,０２関連語,不況,ふきょう,名詞,
基礎編,6,ふく,ふく,動詞,皿をふく
基礎編,14,福,ふく,名詞,
完成編,会話１,福祉,ふくし,名詞,
基礎編,15,服装,ふくそう,動詞,
基礎編,17,含む,ふくむ,動詞,
基礎編,17,含める,ふくめる,動詞,
完成編,4,ふくらむ,ふくらむ,動詞,
完成編,1,不景気,ふけいき,名詞,
完成編,０２関連語,不潔,ふけつ,な形容詞,
完成編,０２関連語,不幸,ふこう,な形容詞,
完成編,０２関連語,不公平,ふこうへい,な形容詞,
完成編,長文２,ふさわしい,ふさわしい,い形容詞,
基礎編,14,不思議,ふしぎ,な形容詞,
基礎編,3,富士山,ふじさん,名詞（固有）,
完成編,０２関連語,不自然,ふしぜん,な形容詞,
基礎編,15,無事に,ぶじに,副詞,
基礎編,長文３,不自由,ふじゆう,な形容詞,
完成編,11,不審,ふしん,な形容詞,
基礎編,17,婦人,ふじん,名詞,
基礎編,4,不親切,ふしんせつ,な形容詞,
完成編,０９聴解問題,婦人服,ふじんふく,名詞,
完成編,０２関連語,不正,ふせい,な形容詞,
完成編,7,不正解,ふせいかい,名詞,
完成編,7,防ぐ,ふせぐ,動詞,
基礎編,9,（～）不足,ぶそく,名詞,水不足、寝不足
基礎編,14,双子,ふたご,名詞,
完成編,12,再び,ふたたび,副詞,
基礎編,1,豚肉,ぶたにく,名詞,
完成編,０４聴解問題,負担,ふたん,動詞／名詞,
基礎編,19,普段,ふだん,副詞,
基礎編,6,不注意,ふちゅうい,名詞,
基礎編,4,部長,ぶちょう,名詞,
完成編,０１関連語,フック,ふっく,名詞（カタ）,
基礎編,14,ぶつける,ぶつける,動詞,
基礎編,11,物理,ぶつり,名詞,
完成編,5,ふと,ふと,副詞,
完成編,０５※,不動産屋,ふどうさんや,名詞,
基礎編,13,舟,ふね,名詞,
完成編,4,不燃（ごみ）,ふねん,名詞,
完成編,０４聴解問題,部品,ぶひん,名詞,
基礎編,17,部分,ぶぶん,名詞,
完成編,11,普遍的,ふへんてき,な形容詞,
完成編,長文３,踏まえる,ふまえる,動詞,～を踏まえて
完成編,０２関連語,不満,ふまん,な形容詞／名詞,
完成編,12,踏み込む,ふみこむ,動詞（複合動詞）,
完成編,０２関連語,不要,ふよう,な形容詞,
基礎編,1,ブラウン,ぶらうん,名詞（カタ）,
基礎編,9,プラス,ぷらす,名詞（カタ）,「－効果」
基礎編,1,ブラック,ぶらっく,名詞（カタ）,
基礎編,6,ぶらぶら,ぶらぶら,副詞（擬態）,
完成編,5,ブランコ,ぶらんこ,名詞（カタ）,
基礎編,4,ブランド,ぶらんど,名詞（カタ）,
基礎編,7,ブランド物,ぶらんどもの,名詞（カタ）,
完成編,０２関連語,不利,ふり,な形容詞,
完成編,7,ふり,ふり,名詞,知らないふり
完成編,12,フリーター,ふりーたー,名詞（カタ）,
完成編,4,フリーマーケット,ふりーまーけっと,名詞（カタ）,
基礎編,5,振り返る,ふりかえる,動詞,
完成編,7,振り込む,ふりこむ,動詞（複合動詞）,
基礎編,17,振り向く,ふりむく,動詞,
完成編,０４関連語,プリント,ぷりんと,動詞／名詞（カタ）,
基礎編,20,振る,ふる,動詞,
完成編,会話５,ふる,ふる,動詞,→男女の関係
基礎編,1,ブルー,ぶるー,名詞（カタ）,
基礎編,12,フルーツ,ふるーつ,名詞（カタ）,
基礎編,20,ブルーベリー,ぶるーべりー,名詞（カタ）,
基礎編,11,ふるさと,ふるさと,名詞,故郷
基礎編,3,古本屋,ふるほんや,名詞,
完成編,8,ブレーカー,ぶれーかー,名詞（カタ）,
基礎編,6,ブレーキ,ぶれーき,名詞（カタ）,
完成編,5,プレーパーク,ぷれーぱーく,名詞（固有）（カタ）,
基礎編,4,プロ,ぷろ,名詞（カタ）,
完成編,０６聴解問題,ブロードバンド,ぶろーどばんど,名詞（カタ）,
完成編,2,プロジェクト,ぷろじぇくと,名詞（カタ）,
完成編,9,～分,ぶん,接辞（機能語）,～した分～
完成編,０６聴解問題,雰囲気,ふんいき,名詞,
基礎編,16,噴火,ふんか,名詞,
完成編,11,文化財,ぶんかざい,名詞,
完成編,12,分岐点,ぶんきてん,名詞,
基礎編,20,文型,ぶんけい,名詞,
基礎編,19,文系,ぶんけい,名詞,
基礎編,13,文集,ぶんしゅう,名詞,
基礎編,長文１,文章,ぶんしょう,名詞,
完成編,2,分析,ぶんせき,動詞／名詞,
完成編,０６関連語,分速,ふんそく,名詞,
完成編,7,文体,ぶんたい,名詞,
完成編,会話４,分担,ぶんたん,動詞／名詞,
完成編,2,文通,ぶんつう,名詞,
基礎編,7,～分の～,ぶんの,表現,
完成編,4,分別,ぶんべつ,動詞／名詞,
完成編,10,文脈,ぶんみゃく,名詞,
基礎編,7,分野,ぶんや,名詞,
完成編,7,分類,ぶんるい,動詞／名詞,
基礎編,14,ヘアスタイル,へあすたいる,名詞（カタ）,
完成編,０５関連語,塀,へい,名詞,
完成編,8,平気,へいき,な形容詞,
基礎編,長文２,平均,へいきん,動詞／名詞,
完成編,会話１,平日,へいじつ,名詞,
完成編,11,弊社,へいしゃ,名詞,
完成編,9,平地,へいち,名詞,
基礎編,長文２,平年　,へいねん,名詞,
完成編,０６関連語,平方（メートル）,へいほう（めーとる）,名詞（単位）,
完成編,5,平凡,へいぼん,な形容詞,
基礎編,17,平面,へいめん,名詞,
完成編,9,平野,へいや,名詞,
完成編,11,ペース,ぺーす,名詞（カタ）,
完成編,2,～べき,べき,接辞（機能語）,
完成編,5,へこみ,へこみ,名詞,
完成編,5,へこむ,へこむ,動詞,
基礎編,1,別,べつ,名詞,別の～
基礎編,長文４,ペットボトル,ぺっとぼとる,名詞（カタ）,
基礎編,20,ヘッドライト,へっどらいと,名詞（カタ）,
基礎編,18,別に,べつに,副詞,→特に
完成編,０５関連語,へび,へび,名詞,
基礎編,12,減らす,へらす,動詞,
基礎編,17,ぺらぺら,ぺらぺら,副詞（擬態）,
基礎編,16,ベランダ,べらんだ,名詞（カタ）,
基礎編,17,ヘリコプター,へりこぷたー,名詞（カタ）,
基礎編,会話２,ベル,べる,名詞（カタ）,
基礎編,会話８,ベルト,べると,名詞（カタ）,
基礎編,12,変化,へんか,動詞／名詞,
基礎編,17,ペンキ,ぺんき,名詞（カタ）,
基礎編,会話７,変更,へんこう,動詞／名詞,
完成編,11,変装,へんそう,動詞／名詞,
基礎編,6,ベンチ,べんち,名詞（カタ）,
基礎編,会話７,返品,へんぴん,動詞／名詞,
基礎編,8,方,ほう,名詞,→人・物事
基礎編,11,方,ほう,名詞,→方向
基礎編,9,棒,ぼう,名詞,
完成編,１１聴解問題,棒グラフ,ぼうぐらふ,名詞（カタ）,
基礎編,16,方言,ほうげん,名詞,
完成編,5,冒険,ぼうけん,名詞,
基礎編,9,報酬,ほうしゅう,名詞,
完成編,3,方針,ほうしん,名詞,
完成編,11,法人税,ほうじんぜい,名詞,
完成編,０５関連語,包帯,ほうたい,名詞,
完成編,1,～放題,ほうだい,接辞（接尾語）,食べ放題
完成編,０２聴解問題,放っておく,ほうっておく,動詞（複合動詞）,
完成編,9,豊富,ほうふ,な形容詞,
完成編,０５関連語,放り投げる,ほうりなげる,動詞（複合動詞）,
完成編,9,暴力,ぼうりょく,名詞,
完成編,０５関連語,放る,ほうる,動詞,
基礎編,長文３,ほえる,ほえる,動詞,
基礎編,2,ほお／ほほ,ほお,名詞,頬
基礎編,4,ホーム,ほーむ,名詞（カタ）,
完成編,1,ホームシック,ほーむしっく,名詞（カタ）,
基礎編,10,ほがらか,ほがらか,な形容詞,
完成編,9,補強,ほきょう,動詞／名詞,
完成編,6,募金,ぼきん,名詞,
完成編,会話４,保健所,ほけんじょ,名詞,
完成編,長文２,保険料,ほけんりょう,名詞,
完成編,6,保護,ほご,動詞／名詞,
完成編,2,歩行,ほこう,動詞／名詞,
完成編,5,ほこり,ほこり,名詞,
完成編,０１聴解※,補充,ほじゅう,動詞／名詞,
完成編,4,募集,ぼしゅう,動詞／名詞,
完成編,長文２,保障,ほしょう,動詞／名詞,
完成編,3,保証人,ほしょうにん,名詞,
基礎編,16,干す,ほす,動詞,
完成編,7,補足,ほそく,動詞／名詞,
基礎編,16,細長い,ほそながい,い形容詞,
完成編,長文２,ほったらかしにする,ほったらかしにする,慣用句,
基礎編,7,ホットドッグ,ほっとどっぐ,名詞（カタ）,
基礎編,12,ボディ,ぼでぃ,名詞（カタ）,
完成編,０３関連語,ボディービルディング,ぼでぃーびるでぃんぐ,名詞（カタ）,
基礎編,20,ボディランゲージ,ぼでぃらんげーじ,名詞（カタ）,
完成編,12,ほどく,ほどく,動詞,
完成編,12,ほどける,ほどける,動詞,
完成編,１２関連語,ほ乳類,ほにゅうるい,名詞,
完成編,１１関連語,ほぼ,ほぼ,副詞,
基礎編,9,ほめる,ほめる,動詞,
完成編,12,ホモ・サピエンス,ほも・さぴえんす,名詞（カタ）,
完成編,5,掘る,ほる,動詞,
基礎編,1,ホワイト,ほわいと,名詞（カタ）,
完成編,3,本格的,ほんかくてき,な形容詞,
完成編,4,本日,ほんじつ,名詞,
完成編,11,本書,ほんしょ,名詞,
完成編,０２聴解,本体,ほんたい,名詞,
完成編,2,本田技研工業,ほんだぎけんこうぎょう,名詞（固有）,
完成編,9,盆地,ぼんち,名詞,
基礎編,1,本当は,ほんとうは,副詞,
基礎編,長文１,本人,ほんにん,名詞,
基礎編,3,ほんの,ほんの,副詞,ほんの少し、ほんの一部
完成編,10,本番,ほんばん,名詞,
基礎編,4,本文,ほんぶん,名詞,
基礎編,長文４,ぽんぽん（と）,ぽんぽん,副詞（擬態）,
基礎編,18,本物,ほんもの,名詞,
基礎編,20,本来,ほんらい,名詞／副詞,
基礎編,3,まあまあ,まあまあ,副詞,
完成編,8,～まい,まい,接辞（機能語）,→否定の意志表現
完成編,０２聴解問題,マイク,まいく,名詞（カタ）,
完成編,6,マイクロ,まいくろ,名詞（単位）,
完成編,12,埋葬,まいそう,動詞／名詞,
基礎編,9,マイナス,まいなす,名詞（カタ）,「－効果」
完成編,12,前足,まえあし,名詞,
完成編,長文２,前置き,まえおき,名詞,
完成編,会話５,前向き,まえむき,名詞,
基礎編,19,前もって,まえもって,副詞,
基礎編,19,任せる,まかせる,動詞,
完成編,０３関連語,まく,まく,動詞,種をまく
完成編,０５関連語,巻く,まく,動詞,
完成編,6,幕,まく,名詞,
完成編,9,マグニチュード,まぐにちゅーど,名詞（カタ）,
完成編,12,誠に,まことに,副詞,
基礎編,18,まさか,まさか,副詞,
完成編,長文１,摩擦,まさつ,動詞／名詞,
基礎編,18,まさに,まさに,副詞,
基礎編,11,まし,まし,な形容詞,
完成編,長文３,交える,まじえる,動詞,
完成編,9,マジシャン,まじしゃん,名詞（カタ）,
完成編,9,マジック,まじっく,名詞（カタ）,
完成編,会話４,混じる,まじる,動詞,
完成編,4,増す,ます,動詞,
完成編,5,貧しい,まずしい,い形容詞,
完成編,7,マスター,ますたー,動詞／名詞（カタ）,
基礎編,15,ますます　,ますます,副詞,
基礎編,14,また,また,接続詞,
基礎編,長文３,街,まち,名詞,
基礎編,6,待ち合わせ,まちあわせ,動詞／名詞,
完成編,4,間違いない,まちがいない,い形容詞（複合）,
基礎編,20,間違う,まちがう,動詞,
完成編,9,待ち構える,まちかまえる,動詞（複合動詞）,
基礎編,2,町中,まちじゅう,名詞,
完成編,10,待ち遠しい,まちどおしい,い形容詞,
基礎編,1,真っ赤,まっか,な形容詞,
基礎編,1,真っ黒,まっくろ,な形容詞,
基礎編,8,マッサージ,まっさーじ,動詞／名詞（カタ）,
基礎編,1,真っ青,まっさお,な形容詞,
基礎編,1,真っ白,まっしろ,な形容詞,
基礎編,3,全く,まったく,副詞,全く～ない、全くだめ
基礎編,8,全く,まったく,副詞,→完全に
完成編,１０関連語,窓際,まどぎわ,名詞,
完成編,3,窓口,まどぐち,名詞,
完成編,０４関連語,間取り,まどり,名詞,
基礎編,1,マナー,まなー,名詞（カタ）,
基礎編,15,真夏,まなつ,名詞,
基礎編,13,学ぶ,まなぶ,動詞,
完成編,０４関連語,招く,まねく,動詞,
基礎編,11,迷う,まよう,動詞,
基礎編,9,～まる,まる,接辞（機能語）,高まる
基礎編,1,丸い,まるい,い形容詞,
基礎編,2,まるで,まるで,副詞,
基礎編,12,丸み,まるみ,名詞,
完成編,11,万一,まんいち,副詞,
基礎編,10,満員,まんいん,名詞,
基礎編,7,マンガ／漫画,まんが,名詞,
完成編,11,万が一,まんがいち,副詞,
基礎編,14,漫才,まんざい,名詞,
基礎編,3,満室,まんしつ,名詞,
基礎編,3,満車,まんしゃ,名詞,
完成編,１０聴解問題,饅頭,まんじゅう,名詞,
基礎編,9,満足,まんぞく,動詞／名詞,
基礎編,9,満足感,まんぞくかん,名詞,
完成編,会話３,マンネリ,まんねり,名詞（カタ）,
完成編,会話３,マンネリ化,まんねりか,動詞／名詞（カタ）,
完成編,０１関連語,未～,み,接辞（接頭語）,
基礎編,12,～み,み,接辞（接尾語）,甘み
完成編,０３関連語,見上げる,みあげる,動詞（複合動詞）,
完成編,1,見える,みえる,動詞,→来る
完成編,０１関連語,未解決,みかいけつ,名詞,
完成編,8,見かけ,みかけ,名詞,
基礎編,長文３,見かける,みかける,動詞,
完成編,5,味方,みかた,名詞,
完成編,０１関連語,未完成編,みかんせい,名詞,
完成編,12,幹,みき,名詞,
完成編,4,見込み,みこみ,名詞,
完成編,4,見込む,みこむ,動詞,
完成編,1,未婚（者）,みこん（しゃ）,名詞,
完成編,０１関連語,未熟,みじゅく,な形容詞,
完成編,０１関連語,未使用,みしょう,名詞,
基礎編,9,ミス,みす,名詞（カタ）,間違い
基礎編,11,湖,みずうみ,名詞,
基礎編,16,水着,みずぎ,名詞,
基礎編,17,水っぽい,みずっぽい,い形容詞（複合）,
完成編,０１関連語,未成年,みせいねん,名詞,
基礎編,18,みそ汁,みそしる,名詞,
基礎編,2,～みたい,みたい,接辞（機能語）,
完成編,3,見出し,みだし,名詞,
完成編,０８関連語,見出し語,みだしご,名詞,
完成編,12,見立てる,みたてる,動詞（複合動詞）,
完成編,6,満たない,みたない,動詞,
完成編,０１関連語,未知,みち,名詞,
完成編,長文１,身近,みぢか,な形容詞,
基礎編,長文３,導く,みちびく,動詞,
完成編,10,三つ星,みつぼし,名詞,
基礎編,20,見つめ合う,みつめあう,動詞（複合動詞）,
完成編,10,見積もる,みつもる,動詞（複合動詞）,
完成編,5,満ちる,みつる,動詞,
完成編,０１関連語,未定,みてい,名詞,
完成編,2,見通し,みとおし,名詞,
基礎編,長文３,認める　,みとめる,動詞,
基礎編,13,緑,みどり,名詞,→自然
完成編,０１聴解問題,見直す,みなおす,動詞（複合動詞）,
完成編,会話６,みなす,みなす,動詞,
完成編,1,南半球,みなみはんきゅう,名詞,
完成編,5,見慣れる,みなれる,動詞（複合動詞）,
完成編,6,醜い,みにくい,い形容詞,
基礎編,16,身につく,みにつく,慣用句,
基礎編,16,身につける,みにつける,慣用句,
完成編,０３関連語,ミネラル,みねらる,名詞（カタ）,
完成編,会話１,見逃す,みのがす,動詞（複合動詞）,
完成編,1,身の回り,みのまわり,名詞,
完成編,０１関連語,未発達,みはったつ,名詞,
完成編,2,身振り,みぶり,名詞,
完成編,5,見守る,みまもる,動詞（複合動詞）,
完成編,０１関連語,～未満,みまん,接辞（接尾語）,
完成編,10,耳元,みみもと,名詞,
完成編,長文３,耳を傾ける,みみをかたむける,慣用句,
基礎編,13,ミュージシャン,みゅーじしゃん,名詞（カタ）,
完成編,長文１,妙に,みょうに,副詞,
完成編,０１関連語,未来,みらい,名詞,
完成編,6,mg,みりぐらむ,名詞（単位）,
完成編,5,魅力,みりょく,名詞,
完成編,長文３,民放,みんぽう,名詞,
完成編,2,向かい,むかい,名詞,
完成編,2,迎える,むかえる,動詞,
完成編,11,無関心,むかんしん,名詞／な形容詞,
完成編,０７関連語,～向き,むき,接辞（機能語）,
基礎編,14,～向き,むき,接辞（接尾語）,東向き
基礎編,16,向く,むく,動詞,
完成編,7,向く,むく,動詞,→適性
完成編,０５関連語,むく,むく,動詞,皮をむく
完成編,7,報う／報われる,むくう／むくわれる,動詞,
完成編,０７関連語,～向け,むけ,接辞（機能語）,
基礎編,長文２,向ける,むける,動詞,
完成編,０５関連語,むける,むける,動詞,皮がむける
完成編,1,無視,むし,動詞／名詞,
基礎編,2,虫,むし,名詞,
完成編,長文３,矛盾,むじゅん,動詞／名詞,
基礎編,11,むしろ,むしろ,副詞,
完成編,長文１,無神経,むしんけい,な形容詞,
完成編,10,無人島,むじんとう,名詞,
基礎編,18,蒸す,むす,動詞,
基礎編,10,結び付ける,むすびつける,動詞（複合動詞）,
完成編,5,結ぶ,むすぶ,動詞,
完成編,10,無責任,むせきにん,な形容詞,
基礎編,8,夢中,むちゅう,名詞,
基礎編,18,無名,むめい,名詞,
基礎編,2,村中,むらじゅう,名詞,
基礎編,20,無理に,むりに,副詞,
完成編,１０関連語,無料券,むりょうけん,名詞,
完成編,7,無力感,むりょくかん,名詞,
基礎編,3,～め,め,接辞（接尾語）,少なめ
完成編,長文２,明解,めいかい,な形容詞,
基礎編,12,名言,めいげん,名詞,
完成編,11,明細,めいさい,名詞,
完成編,8,命じる,めいじる,動詞（～じる／ずる）,
完成編,11,めいめい,めいめい,副詞,
完成編,０３関連語,名誉,めいよ,名詞,
完成編,11,命令,めいれい,動詞／名詞,
基礎編,4,迷惑,めいわく,な形容詞／名詞,
基礎編,4,迷惑する,めいわくする,動詞,
基礎編,4,メーカー,めーかー,名詞（カタ）,
基礎編,2,メール,めーる,動詞／名詞（カタ）,
基礎編,11,目がない,めがない,慣用句,～に目がない
完成編,2,メカニズム,めかにずむ,名詞（カタ）,
完成編,5,目が回る,めがまわる,慣用句,
完成編,会話５,恵まれる,めぐまれる,動詞,
完成編,会話５,恵む,めぐむ,動詞,
完成編,1,巡る,めぐる,動詞,
基礎編,13,目指す,めざす,動詞,
基礎編,8,メジャーリーグ,めじゃーりーぐ,名詞（固有）（カタ）,
完成編,１１関連語,目立つ,めだつ,動詞,
完成編,１１関連語,目立って,めだって,副詞,
完成編,9,メダル,めだる,名詞（カタ）,
基礎編,12,メッセージ,めっせーじ,名詞（カタ）,
完成編,会話１,めったに,めったに,副詞,
基礎編,10,～目にあう,めにあう,慣用句,ひどい／大変な目にあう
完成編,０７聴解問題,目の前にする,めのまえにする,慣用句,
基礎編,9,～める,める,接辞（接尾語）,
完成編,7,めん,めん,名詞,
基礎編,14,免疫力,めんえきりょく,名詞,
基礎編,20,免許,めんきょ,名詞,
基礎編,4,面接,めんせつ,動詞／名詞,
基礎編,4,面接試験,めんせつしけん,名詞,
完成編,長文３,面談,めんだん,動詞／名詞,
完成編,3,面倒,めんどう,な形容詞／名詞,
完成編,会話３,もうかる,もうかる,動詞,お金がもうかる
完成編,会話３,もうける,もうける,動詞,
完成編,長文３,設ける,もうける,動詞,
完成編,5,申し出る,もうしでる,動詞（複合動詞）,
完成編,8,猛暑,もうしょ,名詞,
完成編,１２聴解問題,盲点,もうてん,名詞,
完成編,2,目撃,もくげき,動詞／名詞,
基礎編,6,目的地,もくてきち,名詞,
基礎編,9,目標,もくひょう,名詞,
完成編,０５関連語,潜る,もぐる,動詞,
基礎編,4,文字,もじ,名詞,
完成編,7,もしかしたら,もしかしたら,副詞,
基礎編,長文２,文字通り,もじどおり,副詞（複合）,
基礎編,長文３,もしも,もしも,副詞,
基礎編,長文３,もしものこと,もしものこと,名詞（複合）,
完成編,０４関連語,もたらす,もたらす,動詞,
完成編,０５関連語,もたれる,もたれる,動詞,壁にもたれる
基礎編,12,もち,もち,名詞,
完成編,０３関連語,持ち上げる,もちあげる,動詞（複合動詞）,
完成編,会話１,持ち込み,もちこみ,名詞,
完成編,会話１,持ち込む,もちこむ,動詞（複合動詞）,
完成編,１１聴解,持ち寄る,もちよる,動詞（複合動詞）,
基礎編,8,もったいない,もったいない,い形容詞,
完成編,5,モットー,もっとー,名詞（カタ）,
完成編,10,もっとも,もっとも,な形容詞,
完成編,7,もっとも,もっとも,接続詞,
基礎編,3,最も,もっとも,副詞,
基礎編,5,モデル,もでる,名詞（カタ）,型
完成編,11,もと,もと,名詞,合意のもとに～
完成編,5,もと,もと,名詞,素
完成編,7,基づく,もとづく,動詞,
基礎編,9,求める,もとめる,動詞,
基礎編,長文１,元々,もともと,副詞,
基礎編,7,～物,もの,接辞（接尾語）,ブランド物、男物、女物
基礎編,12,物語,ものがたり,名詞,
完成編,4,モノクロ,ものくろ,名詞（カタ）,
基礎編,7,物づくり,ものづくり,名詞,
完成編,7,物忘れ,ものわすれ,名詞,
完成編,０５関連語,もむ,もむ,動詞,肩をもむ
基礎編,1,桃色,ももいろ,名詞,
基礎編,長文２,燃やす,もやす,動詞,
完成編,8,催す,もよおす,動詞,
完成編,０３関連語,盛り上がる,もりあがる,動詞（複合動詞）,
完成編,０３関連語,盛り上げる,もりあげる,動詞（複合動詞）,
基礎編,18,盛りつける,もりつける,動詞（複合動詞）,
基礎編,18,盛る,もる,動詞,
基礎編,4,文句,もんく,名詞,
完成編,8,門限,もんげん,名詞,
完成編,5,やがて,やがて,副詞,
完成編,１０関連語,やかましい,やかましい,い形容詞,
基礎編,12,焼き肉,やきにく,名詞,
基礎編,3,野球場,やきゅうじょう,名詞,
基礎編,14,約,やく,副詞,
基礎編,13,役者,やくしゃ,名詞,
完成編,1,訳す,やくす,動詞,
完成編,11,役人,やくにん,名詞,
完成編,9,薬物,やくぶつ,名詞,
基礎編,長文４,役割,やくわり,名詞,
完成編,０１聴解問題,ヤジ,やじ,名詞,
基礎編,17,安っぽい,やすっぽい,い形容詞（複合）,
基礎編,16,屋台,やたい,名詞,
完成編,長文１,やつ,やつ,名詞,
完成編,7,やっかい,やっかい,な形容詞,
完成編,2,やってくる,やってくる,動詞（複合動詞）,
基礎編,8,やっぱり,やっぱり,副詞,
完成編,9,雇う,やとう,動詞,
基礎編,12,野党,やとう,名詞,
基礎編,8,やはり,やはり,副詞,
基礎編,7,破る,やぶる,動詞,記録を破る
完成編,０９関連語,敗れる,やぶれる,動詞,
基礎編,14,病,やまい,名詞,
基礎編,14,病は気から,やまいはきから,慣用句（ことわざ）,
基礎編,6,山火事,やまかじ,名詞,
基礎編,15,山小屋,やまごや,名詞,
基礎編,3,やや,やや,副詞,
完成編,０９聴解問題,ややこしい,ややこしい,い形容詞,
完成編,12,やり,やり,名詞,槍
完成編,12,やり遂げる,やりとげる,動詞（複合動詞）,
完成編,8,やりとり,やりとり,名詞,
基礎編,9,やる気,やるき,名詞,
完成編,長文１,憂うつ,ゆううつ,な形容詞,
基礎編,6,勇気,ゆうき,名詞,
完成編,０３関連語,有機,ゆうき,名詞,
完成編,12,遊戯,ゆうぎ,名詞,
完成編,4,優秀,ゆうしゅう,な形容詞,
基礎編,12,友情,ゆうじょう,名詞,
基礎編,4,友人,ゆうじん,名詞,
完成編,10,融通,ゆうずう,名詞,
完成編,10,融通が利く,ゆうづうがきく,慣用句,
完成編,4,有毒,ゆうどく,な形容詞,
完成編,０７関連語,有能,ゆうのう,な形容詞,
完成編,8,ＵＦＯ,ゆーふぉー,名詞,
完成編,０２関連語,有利,ゆうり,な形容詞,
完成編,6,有料,ゆうりょう,名詞,
完成編,０２関連語,優良可,ゆうりょうか,慣用句,
完成編,０９聴解問題,浴衣,ゆかた,名詞,
基礎編,14,雪国,ゆきぐに,名詞,
完成編,9,輸血,ゆけつ,動詞／名詞,
基礎編,20,譲る,ゆずる,動詞,
基礎編,12,豊か,ゆたか,な形容詞,
基礎編,20,油断,ゆだん,動詞／名詞,
基礎編,18,ゆでる,ゆでる,動詞,
基礎編,19,ゆとり,ゆとり,名詞,
完成編,０９聴解問題,ユニセックス,ゆにせっくす,名詞（カタ）,
完成編,11,ユネスコ,ゆねすこ,名詞（固有）（カタ）,
基礎編,2,指,ゆび,名詞,
基礎編,2,指先,ゆびさき,名詞,
完成編,9,由来,ゆらい,名詞,
基礎編,長文３,許す,ゆるす,動詞,
基礎編,長文３,揺れる,ゆれる,動詞,
基礎編,16,夜明け,よあけ,名詞,
完成編,7,要因,よういん,名詞,
基礎編,10,陽気,ようき,な形容詞,
基礎編,19,用語,ようご,名詞,
基礎編,会話２,用紙,ようし,名詞,
完成編,０３関連語,養殖,ようしょく,動詞／名詞,
完成編,10,用心,ようじん,動詞／名詞,
完成編,6,要するに,ようするに,接続詞,
完成編,０６関連語,容積,ようせき,名詞,
基礎編,9,要素,ようそ,名詞,
完成編,０７関連語,幼稚,ようち,な形容詞,
基礎編,長文１,幼稚園,ようちえん,名詞,
完成編,4,用途,ようと,名詞,
完成編,8,ようやく,ようやく,副詞,
基礎編,会話８,用例,ようれい,名詞,
基礎編,8,予感,よかん,動詞／名詞,
基礎編,17,よく,よく,副詞,→感慨
完成編,1,欲,よく,名詞,
完成編,7,余計,よけい,な形容詞,
完成編,11,（～と）よけい,よけい,接辞（機能語）,
基礎編,8,予言,よげん,動詞／名詞,
基礎編,8,予告,よこく,動詞／名詞,
完成編,11,横軸,よこじく,名詞,
完成編,１１関連語,横並び,よこならび,名詞,
基礎編,9,横になる,よこになる,慣用句,
完成編,１１関連語,横ばい,よこばい,名詞,
完成編,6,横道,よこみち,名詞,
完成編,会話３,予算,よさん,名詞,
基礎編,9,よし,よし,間投詞,
完成編,11,善し悪し,よしあし,名詞,
完成編,会話５,よす,よす,動詞,→やめる
完成編,長文３,寄せる,よせる,動詞,
基礎編,8,予選,よせん,名詞,
基礎編,8,予想,よそう,動詞／名詞,
基礎編,8,予測,よそく,動詞／名詞,
基礎編,8,予知,よち,動詞／名詞,
基礎編,17,ヨット,よっと,名詞,
基礎編,8,酔っ払う,よっぱらう,動詞,
基礎編,12,与党,よとう,名詞,
基礎編,6,夜中,よなか,名詞,
基礎編,11,世の中,よのなか,名詞,
基礎編,8,予備,よび,名詞,
完成編,０１関連語,呼びかける,よびかける,動詞（複合動詞）,
基礎編,8,予備校,よびこう,名詞,
完成編,10,呼びつける,よびつける,動詞（複合動詞）,
基礎編,12,呼ぶ,よぶ,動詞,～をと呼ぶ
基礎編,8,予防,よぼう,動詞／名詞,
完成編,10,よほど,よほど,副詞,
完成編,０６関連語,読み取る,よみとる,動詞（複合動詞）,
完成編,7,読み間違う,よみまちがう,動詞（複合動詞）,
完成編,長文２,余命,よみょう,名詞,
完成編,会話４,余裕,よゆう,名詞,
完成編,7,より,より,助詞,→から
基礎編,9,より,より,副詞,より良い～
完成編,０２関連語,夜型,よるがた,名詞,
完成編,１２関連語,喜ばしい,よろこばしい,い形容詞,
基礎編,会話４,喜ぶ,よろこぶ,動詞,喜んで（～する）
完成編,2,弱火,よわび,名詞,
基礎編,9,弱まる,よわまる　,動詞,
基礎編,12,弱み,よわみ,名詞,
基礎編,9,弱める,よわめる,動詞,
基礎編,長文１,～ら,ら,接辞（接尾語）,彼ら、これら、それら
基礎編,18,ラーメン,らーめん,名詞（カタ）,
基礎編,2,ライオン,らいおん,名詞（カタ）,
完成編,長文１,来日,らいにち,動詞／名詞,
完成編,会話５,リハビリテーション,らいはびりてーしょん,名詞（カタ）,
基礎編,19,ライバル,らいばる,名詞（カタ）,
完成編,12,ライブコンサート,らいぶこんさーと,名詞（カタ）,
基礎編,14,落語,らくご,名詞,
基礎編,15,落石,らくせき,名詞,
基礎編,4,ラグビー,らぐびー,名詞（カタ）,
完成編,5,ラストシーン,らすとしーん,名詞（カタ）,
基礎編,10,楽観的,らっかんてき,な形容詞,
基礎編,長文４,ラベル,らべる,名詞（カタ）,
基礎編,10,ランク,らんく,動詞／名詞（カタ）,
完成編,12,ラテン語,らんてんご,名詞（カタ）,
完成編,5,乱暴,らんぼう,動詞／名詞,
完成編,０９関連語,リーグ戦,りーぐせん,名詞（カタ）,
基礎編,2,リーダー,りーだー,名詞（カタ）,
基礎編,19,理科,りか,名詞,
基礎編,4,理解,りかい,動詞／名詞,
完成編,10,理屈,りくつ,名詞,
基礎編,19,理系,りけい,名詞,
完成編,０７関連語,利口,りこう,な形容詞,
完成編,9,リコール,りこーる,名詞（カタ）,
完成編,4,リサイクル,りさいくる,名詞（カタ）,
完成編,会話３,履修,りしゅう,動詞／名詞,
完成編,会話４,リスト,りすと,名詞（カタ）,
基礎編,3,～率,りつ,接辞（接尾語）,合格率
基礎編,17,立体的,りったいてき,な形容詞,
完成編,6,リットル,りっとる,名詞（単位）,
基礎編,13,立派,りっぱ,な形容詞,
完成編,０６関連語,立方（メートル）,りっぽう（めーとる）,名詞（単位）,
完成編,1,利点,りてん,名詞,
完成編,4,略語,りゃくご,名詞,
基礎編,10,流行,りゅうこう,動詞／名詞,
完成編,3,流通,りゅうつう,動詞／名詞,
基礎編,15,リュックサック,りゅっくさっく,名詞（カタ）,
基礎編,3,～料,りょう,接辞（接尾語）,入場料
完成編,12,領域,りょういき,名詞,
基礎編,5,両側,りょうがわ,名詞,
基礎編,3,料金,りょうきん,名詞,
完成編,０６関連語,領収書,りょうしゅうしょ,名詞,
完成編,7,了承,りょうしょう,動詞／名詞,
完成編,長文３,履歴,りれき,名詞,
完成編,11,履歴書,りれきしょ,名詞,
完成編,7,理論,りろん,名詞,
完成編,10,臨機応変,りんきおうへん,な形容詞,
基礎編,4,林業,りんぎょう,名詞,
完成編,12,臨時,りんじ,名詞,
完成編,9,倫理,りんり,名詞,
完成編,０８関連語,類義語（辞典）,るいぎご（じてん）,名詞,
完成編,12,類人猿,るいじんえん,名詞,
完成編,11,累進課税,るいしんかぜい,名詞,
完成編,5,ルール,るーる,名詞（カタ）,
基礎編,13,礼,れい,名詞,
完成編,長文１,冷静,れいせい,な形容詞,
基礎編,7,0.～,れいてん～,数,
基礎編,5,冷凍,れいとう,動詞／名詞,
完成編,会話４,例年,れいねん,名詞,
完成編,会話４,例の,れいの,連体詞,
基礎編,会話７,レシート,れしーと,名詞（カタ）,
完成編,０７聴解問題,レジュメ,れじゅめ,名詞（カタ）,
基礎編,14,列,れつ,名詞,
完成編,4,レッテル,れってる,名詞（カタ）,
基礎編,1,レッド,れっど,名詞（カタ）,
基礎編,16,列島,れっとう,名詞,
基礎編,7,レベル,れべる,名詞（カタ）,
基礎編,20,レポート,れぽーと,名詞（カタ）,
基礎編,12,恋愛,れんあい,動詞／名詞,
基礎編,1,連想,れんそう,動詞／名詞,
基礎編,3,レンタル料,れんたるりょう,名詞（カタ）,
完成編,０１聴解問題,連中,れんちゅう,名詞,
完成編,０５聴解問題,連絡先,れんらくさき,名詞,
基礎編,11,老後,ろうご,名詞,
完成編,会話１,老人ホーム,ろうじんほーむ,名詞（カタ）,
基礎編,12,ろうそく,ろうそく,名詞,
完成編,1,労働,ろうどう,動詞／名詞,
基礎編,17,老婆,ろうば,名詞,
基礎編,9,ロープ,ろーぷ,名詞（カタ）,
完成編,3,録音,ろくおん,名詞,
完成編,０３関連語,ロケット,ろけっと,名詞（カタ）,
完成編,会話３,露店,ろてん,名詞,
完成編,4,露天風呂,ろてんぶろ,名詞,
基礎編,2,ロボット,ろぼっと,名詞（カタ）,
基礎編,2,～羽,わ,接辞（助数詞）,
完成編,5,輪,わ,名詞,
完成編,会話３,割合,わいあい,副詞,
完成編,０８関連語,和英（辞典）,わえい（じてん）,名詞,
基礎編,20,我が社,わがしゃ,名詞,
基礎編,10,わがまま,わがまま,な形容詞,
基礎編,9,若者,わかもの,名詞,
基礎編,長文４,分かれる,わかれる,動詞,
完成編,6,わく,わく,動詞,湧く
基礎編,14,わくわく,わくわく,副詞（擬態）,
基礎編,4,和語,わご,名詞,
完成編,3,わざと,わざと,副詞,
完成編,10,災い,わざわい,名詞,
基礎編,20,わざわざ,わざわざ,副詞,
完成編,12,わずか,わずか,副詞,
基礎編,17,忘れっぽい,わすれっぽい,い形容詞（複合）,
完成編,1,和製英語,わせいえいご,名詞,
基礎編,10,話題,わだい,名詞,
完成編,6,私ども,わたくしども,名詞,
完成編,8,わたる,わたる,動詞,亘る
完成編,9,ワナ／わな,わな,名詞,罠
完成編,０９聴解問題,和服,わふう,名詞,
基礎編,14,笑い,わらい,名詞,
完成編,１０聴解問題,笑い飛ばす,わらいとばす,動詞（複合動詞）,
完成編,11,笑い者になる,わらいものになる,慣用句,
基礎編,14,笑う門には福来たる,わらうかどにはふくきたる,慣用句（ことわざ）,
基礎編,14,～割,わり,接辞（助数詞）,
完成編,会話３,割合,わりあい,副詞,
基礎編,14,割合,わりあい,名詞,
完成編,6,割り勘,わりかん,名詞,
基礎編,20,割り込む,わりこむ,動詞（複合動詞）,
完成編,１０関連語,割引券,わりびきけん,名詞,
完成編,4,割り引く,わりびく,動詞（複合動詞）,
基礎編,6,割る,わる,動詞,ガラスを割る
基礎編,7,割る,わる,動詞,→わり算
完成編,2,悪者,わるもの,名詞,
完成編,12,我々,われわれ,名詞,
